acc_num,cust_id,acc_type,branch_id,open_date,close_date
3102325,1900,CA,5,21/06/2022,
1654110,6985,SL,5,18/03/2024,
5848726,5292,SB,2,11/03/2024,
5343103,6201,SB,4,26/10/2023,
4979354,7758,CA,5,30/10/2022,
3575557,3457,CA,3,08/01/2023,
2954083,3936,CA,6,17/02/2024,
2693091,7271,SL,4,19/11/2022,
8313173,5756,SB,2,25/04/2020,
1767724,7062,SB,4,25/11/2023,
1734414,5831,CA,1,21/03/2022,
2806445,5441,SBP,1,29/05/2021,
4902636,1934,SB,5,23/05/2022,
5137902,4469,CA,5,24/03/2019,
9712954,4528,CA,3,12/01/2021,
1679699,2058,CA,6,09/07/2022,
4570442,4367,CA,4,11/09/2021,
8272874,1564,SB,1,25/11/2020,
4932879,2030,CA,5,16/08/2023,
8770977,5708,CA,6,23/06/2023,
5901765,5074,SB,4,26/12/2023,
1343531,4874,CA,5,14/11/2023,
3913138,4399,CA,5,06/06/2022,
8324793,6169,CA,1,03/09/2023,
6942956,1329,SB,1,12/07/2020,
5896407,4780,SB,5,03/12/2023,
3843013,7252,CA,2,25/04/2021,
4846865,1670,SB,5,26/08/2021,
6881619,7460,SB,6,17/03/2024,
2949303,2076,CA,5,26/04/2022,
2790517,2429,SB,3,31/10/2023,
7608622,5820,CA,3,26/06/2022,
2857131,6524,CA,3,11/04/2022,
7257174,7648,SL,2,17/09/2022,
7005119,2794,SBP,2,17/03/2022,
5672423,4039,SB,5,13/02/2023,
1963477,6242,CA,3,01/01/2024,
8942370,5165,CA,2,06/02/2021,
3328735,6979,SB,1,22/01/2021,
7585253,6663,SB,5,23/05/2022,
2556547,6066,CA,6,20/10/2023,
6153215,1222,SB,4,21/09/2023,
7301728,3964,CA,5,02/07/2023,
4460567,1607,SL,4,07/05/2023,19/09/2023
2401441,2208,CA,3,30/11/2023,
2003305,4745,SB,4,12/06/2023,
5057998,2213,CA,3,16/03/2024,
6089624,3423,SB,1,13/12/2021,
2573187,1653,SB,4,31/03/2019,
5140082,2079,CA,5,14/10/2022,
2929022,7338,SBP,3,29/05/2021,
7611959,1687,SB,5,30/09/2021,
5898123,6534,SL,2,15/01/2020,
8841462,5177,SL,3,19/04/2021,
7355368,3640,SB,4,01/11/2020,
3963382,1828,SL,3,08/08/2020,
7445106,3997,CA,5,15/09/2022,
7194953,5992,CA,1,21/12/2023,
4749444,7666,CA,3,18/04/2023,
5713644,2772,CA,4,25/04/2023,
2432435,2945,CA,2,01/01/2022,
4105730,1076,CA,6,04/11/2021,
5341745,4285,SB,1,12/07/2022,
3975938,3745,CA,2,07/06/2023,
8989939,6104,CA,3,23/06/2019,
7600705,4621,SB,5,08/04/2023,
5763472,4121,CA,5,15/02/2021,
4919031,5119,SB,4,23/09/2022,
6675061,7955,CA,5,26/08/2020,
2172983,3444,SBP,1,04/08/2023,
5077288,7797,SB,5,09/12/2023,
1773052,2557,CA,4,09/12/2023,
6526923,5057,CA,6,04/07/2023,
7964928,5404,SB,3,14/02/2024,
5726446,5345,SB,3,30/05/2022,
2344960,5824,SB,5,26/04/2020,
4774204,2785,SB,2,04/02/2024,
6513918,7760,CA,3,13/10/2022,
4801781,2620,CA,6,04/08/2023,
9610210,6791,CA,5,18/11/2020,
7872101,5450,SB,4,29/07/2023,
8932756,4035,SB,6,19/11/2022,
3631487,2818,CA,5,07/01/2021,
5678451,6896,CA,6,12/06/2022,
3577108,5154,CA,3,07/01/2024,
5372222,4282,CA,4,15/08/2021,
5642572,2022,SB,5,08/12/2022,
8422426,7943,SB,1,23/07/2020,
7935328,1864,SL,4,14/01/2024,
7307792,2915,SB,1,02/11/2020,
4914091,1211,CA,6,29/12/2020,
3555321,7081,SB,2,14/11/2023,
9782932,6304,SB,4,21/03/2022,
9514321,3335,SB,6,01/12/2023,
2759706,1699,SB,1,08/09/2022,
2024981,1668,SB,3,19/06/2021,
3074107,7310,SB,3,07/01/2024,
3798751,2667,CA,2,18/11/2023,
3918552,7805,CA,4,10/02/2023,29/05/2023
8317168,1411,CA,4,19/11/2023,
2300318,6881,CA,4,29/02/2024,
7689824,7905,SB,6,04/06/2022,
7637009,6105,CA,2,23/10/2023,
9087074,5412,SB,4,04/09/2023,
5452528,4249,SL,6,24/04/2021,
1427119,6084,CA,3,08/03/2022,
3156359,5646,CA,1,20/06/2022,
5711083,2755,SB,6,07/10/2020,
6941697,3501,CA,3,14/09/2021,
3106034,4090,CA,3,21/02/2022,
6158615,3526,CA,1,14/06/2023,
8528650,7658,CA,3,25/08/2022,
3887946,5215,SL,2,12/11/2023,
8846720,7718,SB,1,06/12/2022,
1288947,5082,SB,3,15/10/2023,
5653434,3247,SL,5,17/07/2023,
9632941,2185,SB,6,22/07/2023,
4231781,6548,CA,3,07/02/2024,
9751985,3906,SL,2,20/04/2023,
3019777,3176,SB,4,08/02/2023,
6241572,5144,SB,3,27/10/2023,
9751669,1778,SL,4,31/10/2023,
4571674,2997,CA,5,10/12/2023,
3798717,1819,CA,3,17/07/2023,
7507733,3282,CA,1,25/08/2023,
3944843,2588,CA,4,04/09/2021,
1244094,4572,SB,5,19/03/2024,
6672936,6265,SB,1,27/12/2022,31/07/2023
9431943,4766,CA,1,28/05/2023,
1561265,5712,SB,1,16/07/2021,
3111328,2783,CA,1,22/05/2023,
7324306,1617,CA,3,25/01/2024,
6393730,4255,CA,6,07/11/2023,
5251843,1220,CA,3,20/10/2023,
2206323,2761,SL,3,13/03/2023,
5275654,5515,CA,5,12/07/2021,
2555824,1200,SB,5,02/03/2021,
2671526,6995,SB,6,08/06/2021,
9388066,3064,CA,5,10/06/2022,
2395693,4190,SBP,2,13/01/2022,
3344411,6042,SL,6,30/01/2021,
3388551,4855,CA,5,15/03/2021,
9208415,1581,SB,6,03/10/2020,
4004870,5011,CA,3,03/06/2023,
5681412,2542,CA,3,12/02/2024,
8333576,2836,CA,6,16/05/2019,
4787884,5781,SB,2,03/06/2023,
4609254,6892,SB,2,24/10/2023,
6464231,1938,CA,6,19/12/2023,
7928479,3317,CA,5,06/12/2023,
7499456,1520,SL,4,16/06/2022,
8584599,5754,CA,2,30/06/2023,
8809180,6840,CA,1,29/07/2023,
3264613,3308,SB,3,11/04/2020,
5393666,5773,SBP,6,09/03/2023,
5004295,1325,CA,1,03/02/2023,
2308676,6007,SB,6,20/06/2022,
6906634,1916,SB,3,09/12/2020,
1587396,2180,CA,3,11/01/2024,
5095184,5877,SB,2,02/11/2023,
4929134,6018,CA,2,23/06/2022,
1355142,4879,SB,1,10/02/2024,
2425566,7871,SB,6,05/08/2021,
2222237,2292,SB,3,29/04/2022,
5075505,5141,CA,1,20/07/2020,
2365289,7170,SB,4,29/12/2022,
1761521,6187,CA,1,28/08/2022,
6778170,3239,CA,5,23/05/2022,
2423289,6653,CA,1,06/05/2023,
9860608,6397,SB,5,23/07/2022,
5227555,2554,SB,5,13/02/2024,
5906573,3286,CA,5,13/03/2019,
9378403,2964,SB,4,15/12/2019,
4828797,4296,CA,1,21/07/2022,
3454324,6061,SB,1,03/04/2021,
9164603,2012,CA,4,15/12/2021,
5311317,4264,SB,3,03/07/2021,
9169669,5445,CA,2,24/05/2021,
8063832,3864,SL,1,18/05/2023,
4429048,1235,CA,2,06/11/2020,
2817024,3657,CA,6,09/02/2024,
2860729,1982,CA,6,31/10/2020,
8466338,4943,SL,4,20/12/2023,
7178626,1244,SL,6,19/10/2023,
8340970,1267,CA,6,29/08/2021,
8131651,6365,SB,3,14/02/2024,
9069873,6598,SB,3,25/12/2021,
2143341,2806,SB,3,07/02/2024,
2885677,5740,SB,6,09/11/2022,
2251411,6120,CA,4,06/01/2024,
7989364,6398,CA,5,22/10/2022,
6927053,4809,SL,5,25/05/2022,
3067730,3290,SL,2,08/07/2023,
5406261,6306,SB,5,03/05/2020,
4448848,6340,CA,5,17/09/2023,
4425675,6528,CA,3,17/05/2022,
8760986,3751,SB,3,10/08/2022,
3586368,1273,SL,6,25/08/2021,
8312499,6552,SL,2,25/03/2022,
4312918,3827,SB,1,14/10/2023,
5907712,2629,SB,2,23/02/2024,
8996111,6915,CA,2,30/05/2022,
5425556,7241,CA,4,02/03/2023,
2499248,3048,SL,6,11/08/2020,
8669000,5809,SB,4,22/09/2020,
2877135,3691,CA,2,23/10/2023,
2083231,1842,CA,2,16/02/2023,
1482095,5187,SB,2,24/06/2023,
2799189,7257,CA,5,08/01/2024,
5200289,6780,CA,4,07/11/2023,
4024737,7308,SB,2,01/11/2022,
8052996,4769,SB,3,11/01/2024,
9382206,4539,SB,6,12/10/2023,
9310354,5320,CA,6,25/06/2021,
4820584,3652,SB,3,06/07/2023,
7962839,2235,CA,6,26/12/2020,
2218238,1428,CA,5,06/06/2023,
3996652,7033,SB,5,04/09/2022,
7592613,4372,SB,1,03/02/2021,
1270661,6487,SB,1,13/02/2023,
7784690,7236,SB,1,19/11/2021,
5683868,2644,SB,6,10/09/2019,
8868273,1813,CA,5,05/06/2023,
6020187,1003,CA,5,21/02/2024,
8331387,1561,CA,5,05/12/2021,
9399491,7792,CA,3,07/10/2020,
3831559,2126,SBP,5,02/01/2022,
4420457,6651,CA,3,16/05/2020,
6212431,2569,SL,1,10/12/2023,
4886914,6158,SB,1,01/04/2023,
2215686,2616,SB,6,06/09/2019,
2257198,2065,SB,1,26/04/2021,
6495915,6531,SB,6,14/12/2020,
2193574,7316,SB,2,18/04/2022,
2075748,5597,CA,2,15/11/2023,
9233683,1871,SB,4,14/07/2020,
9670929,5409,CA,6,17/04/2021,
3875782,6674,CA,4,28/01/2021,
2188780,1937,SB,4,30/12/2022,
9754448,1695,CA,2,04/09/2021,18/12/2023
2578547,5020,SL,6,23/04/2023,
4352125,2124,SL,2,11/10/2021,
2384097,1806,SL,4,29/07/2022,
2374694,4551,CA,6,29/05/2022,
5180566,2435,CA,4,07/03/2023,
8008729,7195,SL,5,20/09/2022,
3245863,1114,CA,6,20/11/2020,
5365308,3862,SBP,6,03/11/2023,
1901254,2072,SL,4,30/01/2024,
2609953,3465,SB,5,29/03/2024,
8267926,6350,CA,3,23/08/2023,
6542305,4155,CA,2,27/12/2019,
5609422,7486,SB,4,24/11/2022,
4661400,5519,CA,6,06/02/2023,
6505630,4124,CA,2,23/10/2021,
5238985,3816,SB,2,25/08/2023,
5690772,2828,SL,2,23/12/2020,
7874684,1614,SB,3,20/10/2023,
3430273,3962,SB,1,23/04/2023,
6267615,1459,CA,4,10/04/2021,
8905455,2742,SB,1,17/10/2021,
6539073,7965,SBP,1,19/10/2018,
2451571,3792,CA,1,26/07/2020,
1390787,3901,SB,2,30/01/2023,
8923255,6256,SL,5,06/04/2019,
2911907,1236,SB,2,28/06/2021,
2463610,3263,SB,2,22/05/2023,
4810635,3234,SB,6,28/02/2023,
9721836,4339,CA,6,15/08/2023,
5683824,2220,CA,1,08/12/2019,
3456752,4297,SB,2,05/07/2019,
7089896,7657,SB,1,14/05/2022,
2388626,7158,SL,6,15/06/2023,
5332912,3599,SL,5,09/09/2023,
7434135,6038,SB,4,19/06/2023,
6015795,6063,SB,1,25/02/2021,
3881052,6374,SB,5,15/08/2022,
8586017,3701,SB,4,10/12/2019,
6309895,1622,SB,3,08/03/2022,
1365749,2327,SB,1,05/02/2022,
6257241,4162,SL,1,03/07/2019,
2972393,6149,CA,3,23/03/2019,
3487531,6786,CA,3,31/03/2021,
5671501,7309,CA,1,30/10/2021,
3171071,5308,SB,3,02/08/2022,
3030265,2310,CA,2,13/09/2021,
3842483,1552,SB,4,29/11/2023,
5803744,6100,SB,4,14/07/2023,30/08/2023
5961585,6026,CA,4,31/12/2021,
4768279,6393,SB,2,18/02/2023,
6987076,1004,CA,3,25/06/2020,
4650296,3491,CA,5,31/12/2023,
5663414,4070,SB,3,29/05/2023,
9713856,3036,CA,1,14/02/2023,
9430704,4485,CA,6,11/06/2023,
5447615,5334,SB,4,06/02/2024,
2086764,6745,SB,3,08/12/2019,
2783011,1013,CA,5,21/01/2023,
8340922,5243,SB,1,18/08/2021,
5876423,1694,CA,2,03/03/2022,
1974153,7226,CA,2,07/04/2023,
1293986,5885,SB,5,19/10/2023,
6830650,3211,SB,1,02/07/2022,
3429289,4555,SB,4,05/08/2023,
5629380,2439,SB,3,06/12/2021,
3945395,4868,SBP,1,12/03/2023,
8647269,4407,SB,2,26/02/2020,
8409895,7217,CA,5,31/12/2019,
1396730,2451,SB,5,10/12/2019,
3111432,7620,CA,3,18/01/2024,
2496882,5021,SB,5,08/10/2022,
3735215,5864,CA,5,25/09/2022,
1838951,5083,CA,1,01/07/2023,
7428916,3324,SL,4,24/01/2024,
3719101,4905,SB,3,28/09/2021,
8445124,6215,SB,1,30/01/2024,
3372681,5410,CA,4,05/04/2021,
1936271,2841,CA,1,08/11/2020,
6406216,1121,CA,6,19/04/2022,
7352337,7668,CA,1,16/04/2023,
1903824,7492,SB,5,24/05/2021,
7237542,3569,SB,4,24/10/2023,
4758999,3320,SB,3,21/04/2022,
5420914,7615,CA,3,02/10/2023,
2959090,1465,SL,4,09/10/2023,
7168242,7027,SB,5,15/01/2023,
8052381,4619,SB,2,28/09/2023,
3827474,4128,SB,1,16/09/2023,
5206293,4465,CA,5,02/09/2018,
3960827,3799,CA,6,14/03/2024,
4204945,1510,CA,4,17/06/2021,
8151652,5577,SB,1,09/10/2021,
1650346,6434,CA,3,30/08/2021,
4243672,5808,CA,2,04/02/2023,
6807647,6730,CA,6,23/12/2023,
8141900,3542,CA,3,25/07/2022,
5398055,2476,SB,4,07/08/2023,
5710757,5863,SB,1,07/02/2024,
3905396,6161,SB,4,10/12/2023,
3048043,1827,CA,1,04/03/2024,06/03/2024
7652485,6076,SB,5,03/03/2023,
1884191,5598,SB,2,31/01/2021,
9131368,2489,CA,5,14/09/2022,
4966318,1738,SB,5,11/02/2024,
4582776,2813,CA,4,30/03/2020,
8957106,5685,SB,2,26/01/2020,
7100794,6841,SB,1,03/09/2023,
6354753,5941,CA,1,22/04/2022,
5052918,7930,CA,6,16/08/2023,
4974536,2855,SB,3,09/12/2023,
1631523,6675,SB,6,09/05/2019,
4474680,4403,SB,6,13/03/2022,
7919649,6802,SB,1,27/02/2021,
6741821,1970,CA,4,20/09/2022,
5908683,2631,CA,5,29/06/2021,
2399186,7187,SB,5,16/03/2024,
5917440,5803,CA,5,04/12/2022,
7125754,1309,SB,2,15/01/2023,
9780909,4152,SL,1,22/06/2023,
7939990,3594,SB,4,07/04/2023,
6790272,4312,CA,2,08/03/2022,
1697560,3500,SB,3,10/02/2024,
3169613,1430,SB,4,28/02/2024,
5616963,2730,SB,6,30/05/2020,
4230370,6072,SL,4,26/03/2023,
5688286,7121,CA,4,12/12/2022,
1876349,2762,SL,5,30/09/2021,
3053192,6733,SL,4,27/12/2020,
8525270,1644,CA,6,25/09/2020,
7034167,4573,CA,6,27/05/2019,
6497132,5424,CA,1,25/11/2019,
8555974,3690,CA,4,22/07/2023,
9814755,6831,CA,5,26/07/2023,
3174714,1317,SB,4,16/12/2022,
7697006,7834,CA,3,18/03/2022,
4423492,1480,CA,3,23/01/2024,
5508034,1378,SB,5,07/11/2023,
1979182,3276,CA,1,04/03/2023,
8550331,2913,SB,1,21/02/2023,
1262874,4516,CA,6,07/08/2023,
4540200,5374,CA,6,22/12/2022,
7345122,1443,SB,2,04/03/2020,
8470469,3934,SB,5,13/08/2020,
2408465,2082,SL,4,30/12/2020,
6774337,4252,SB,5,17/10/2022,
6501130,2852,SB,2,23/11/2018,
3325365,4256,CA,6,10/03/2024,
6273071,4527,CA,5,15/03/2024,
9742603,3902,SB,5,21/04/2020,
6423435,1372,SB,6,07/01/2024,
8086196,2779,SBP,2,17/11/2019,
6706941,4409,CA,6,17/02/2023,
7985658,7322,CA,1,02/07/2023,
6194771,7297,SB,4,28/07/2023,
3370034,6977,CA,6,06/09/2021,
4453042,4398,SL,2,13/01/2023,
8288418,1657,SB,3,13/02/2023,
7595502,1166,CA,1,28/02/2022,
4154194,7296,SB,3,24/09/2020,
6283601,2199,SB,6,04/08/2023,
8047310,3025,CA,1,28/05/2023,
1241310,6565,SL,4,20/06/2022,
6332675,4429,SB,6,08/05/2023,
6048113,5594,SB,4,04/03/2022,
4760780,4307,CA,5,24/04/2023,
8446826,5247,SL,3,31/07/2022,
6640944,5469,CA,1,07/01/2024,
9035707,6574,CA,4,12/05/2019,
8646439,3020,SL,2,05/02/2023,
8652710,3403,CA,4,07/02/2024,
4819814,6122,CA,2,02/11/2023,
9810576,1300,SL,6,11/01/2024,
9173246,5662,SL,1,06/11/2023,
4081449,1566,SB,4,12/03/2023,
2657133,7103,SB,4,02/09/2019,
5995645,2323,SB,1,29/11/2023,
6858025,3030,CA,4,16/10/2021,
2801277,3967,CA,2,26/09/2023,
5174941,5158,SB,4,18/06/2023,
6442474,5333,SB,3,03/12/2022,
5003344,1493,SB,6,03/03/2024,10/03/2024
4575345,1584,SB,5,11/06/2022,
3706689,6584,CA,2,21/02/2023,
1644290,7329,SB,3,13/01/2024,
2009837,6200,CA,6,07/12/2023,
5342276,3066,SB,1,26/09/2021,
9205965,3450,SB,2,18/01/2020,
2456354,3410,SL,5,10/12/2020,
8875115,1262,CA,6,21/12/2021,
8187666,6156,CA,5,25/02/2021,
4496581,6294,CA,1,03/11/2019,
7676589,5506,SB,1,09/06/2021,
9528772,4194,SB,2,04/01/2022,
7939562,7246,CA,4,13/07/2023,
5327879,5595,CA,1,10/10/2023,
3710336,7916,SB,6,19/12/2023,
1327526,5893,CA,4,22/03/2022,
3022738,6849,SB,3,11/05/2022,
8367269,4433,SB,5,17/04/2023,
4906045,4599,CA,4,08/05/2023,
4185388,6867,CA,5,15/04/2023,
9028353,6626,SBP,4,27/02/2023,
2077024,5488,CA,3,01/04/2022,
5415353,2864,CA,1,22/07/2023,
3270559,4790,SB,3,11/03/2024,
8892658,4066,SL,1,07/11/2023,
3471558,6489,SBP,1,01/12/2020,
9029919,4983,SB,5,25/02/2024,
6557876,2796,CA,6,04/06/2023,
8659649,6282,CA,3,16/09/2021,
9703272,2390,SB,4,04/04/2023,
8394021,4523,SB,3,02/02/2020,
8715688,6585,CA,5,12/06/2023,
3904726,1141,SL,1,18/01/2023,
9198215,1079,CA,5,16/11/2021,
8785417,4406,SB,2,10/09/2022,
5583012,2120,CA,2,12/06/2023,
5382494,2092,SB,4,18/07/2021,
5887012,2033,CA,5,12/09/2022,
9364688,5557,CA,4,10/03/2024,
5248379,3876,CA,4,20/04/2022,
5841480,1661,SB,2,18/02/2023,
8614337,5884,SB,4,11/03/2022,
2534454,7625,SB,2,14/08/2023,
6028222,5834,SL,1,09/08/2020,
5168649,6177,CA,5,01/10/2023,
5793123,5562,CA,4,12/11/2023,
6869086,3238,SL,2,10/12/2023,
6598336,1764,CA,3,29/01/2021,
2586368,5344,SL,4,07/11/2019,
3556031,5099,CA,6,31/05/2021,
3765018,3779,SBP,1,02/01/2023,
5114423,5173,CA,1,09/01/2020,
7660765,7356,SL,3,15/12/2023,
3798146,2236,SB,2,02/11/2023,
4824033,7038,SBP,4,23/02/2023,
2312081,3393,CA,2,02/03/2024,
8194828,5069,SB,1,16/09/2022,
8072882,5804,SBP,2,22/01/2022,27/02/2022
6785768,5492,SB,1,20/12/2022,
9051412,7002,SB,2,06/12/2023,
8210034,6399,SB,3,01/11/2020,
2279145,4786,SB,5,08/10/2021,
4704605,1873,SB,3,15/02/2024,
8283338,3248,SB,3,23/01/2019,
7768836,7277,SL,5,02/04/2022,
1562191,6490,CA,5,04/07/2022,
7616234,1628,CA,4,20/03/2024,
9236892,3552,SL,4,24/01/2019,
1333419,5114,SL,3,14/10/2022,
7136033,3340,SB,3,03/09/2020,
6244388,4642,SB,1,12/12/2021,
7777390,1709,CA,1,01/02/2024,
8264510,7028,CA,4,15/12/2021,
4934525,2681,SB,6,21/12/2021,
9425631,4509,CA,6,01/03/2023,
4915784,1616,SB,4,03/04/2020,
5813594,7848,CA,1,02/01/2024,
8546614,4482,SBP,1,22/02/2023,
9382220,5837,SBP,6,21/02/2020,
1721455,7376,SB,2,16/01/2023,
7758441,4511,SB,2,16/03/2022,
6873817,7594,CA,1,22/05/2022,
8017808,3212,SB,2,27/01/2024,
4003491,7303,SB,5,19/08/2023,
9076005,4436,CA,4,17/01/2024,
3375739,2720,SL,4,19/04/2021,
1686921,6608,SB,1,02/08/2022,
7845062,6423,SL,3,21/01/2024,
1689196,5140,SB,6,03/01/2024,
2642904,2158,SB,1,16/02/2024,
8425429,3850,CA,2,02/07/2020,
3511159,3099,SL,6,08/01/2024,
8980514,7210,SL,3,03/12/2022,
4283407,1637,CA,2,30/10/2019,
2078136,4318,CA,5,20/07/2018,
5599198,5395,CA,2,23/07/2023,
7594807,2001,SB,5,13/01/2023,
6726566,3555,SBP,6,06/11/2023,
4785570,7513,CA,5,03/06/2022,
8863088,5624,SB,6,27/01/2022,
6718062,7780,CA,6,05/12/2020,
6896819,2746,SBP,6,12/11/2021,
7595182,7520,SB,6,26/07/2023,
5902871,2912,SB,6,29/12/2023,
8307184,2248,SB,2,02/07/2023,
5466913,4466,CA,6,15/10/2021,
2608658,1763,CA,2,21/04/2019,
9124939,1498,CA,6,23/12/2023,13/03/2024
1559697,2469,SB,5,03/09/2021,
2108351,4273,SB,6,21/04/2023,
7105860,3536,SBP,3,18/08/2023,
4996323,1499,SBP,6,09/10/2022,
2385725,3318,SB,6,10/02/2020,
1909919,1945,SB,5,09/02/2022,
1755096,7999,SL,4,31/05/2021,
5383225,5392,SB,5,19/09/2022,
4579217,1885,CA,3,04/09/2021,
1576419,7092,SB,4,30/10/2020,
3791051,5881,CA,1,31/10/2023,
5236620,6089,SL,1,03/10/2023,
3352136,4947,SB,3,08/03/2024,
9179536,2413,CA,5,11/12/2023,
3153636,6010,SB,2,27/07/2022,
4891338,2377,SB,3,03/03/2024,
9036475,3897,CA,4,26/12/2022,
5533555,4852,CA,4,03/12/2023,
7423534,3172,SB,6,04/11/2023,
4049534,2207,SB,1,07/01/2024,
3156042,2908,SB,4,14/02/2024,
3982034,2362,SB,3,14/09/2021,
6452867,5460,SB,4,22/03/2022,
3048096,4679,SB,3,25/03/2024,
1665312,4872,SB,2,03/08/2022,
6468274,7962,SL,6,13/05/2019,
7531105,6086,CA,1,15/08/2022,
7889257,1562,CA,4,10/07/2021,
4561921,5211,CA,3,15/12/2021,
2509509,6238,SB,5,08/01/2024,
5308836,5853,SB,1,01/10/2023,
2944120,2289,SB,2,01/04/2023,
6294217,6264,CA,3,07/07/2021,
3265466,4658,CA,6,31/10/2020,
1923525,5918,CA,6,29/07/2022,
7059612,3712,CA,2,24/05/2023,
8421490,3152,SB,2,30/01/2023,
7451647,5524,CA,6,06/07/2022,
2391402,5888,SB,4,04/07/2023,
9723113,4475,SL,4,31/01/2024,
6959409,1658,CA,3,20/10/2023,
1446767,6647,SB,5,12/10/2021,
8281916,3719,SB,3,06/07/2022,
9458719,6341,CA,5,19/01/2023,
3005148,6124,SB,2,09/04/2019,
8507815,5297,SB,1,18/12/2023,
7311006,4444,SL,3,14/10/2021,
8947646,7067,CA,3,26/12/2021,
3801265,3229,SL,5,21/06/2023,
8540761,7601,SB,2,01/01/2022,
4189587,7911,CA,2,17/09/2023,
5765730,5271,SB,5,11/08/2022,
9346242,1017,SBP,2,09/05/2021,
9033787,4719,SB,6,13/01/2024,
8542227,7739,CA,4,18/12/2023,
5737429,4492,SB,6,23/01/2024,
6641873,5393,CA,1,08/11/2022,
5353225,1023,CA,3,17/11/2023,
2688462,3865,CA,1,27/09/2021,
5914139,7130,CA,3,23/01/2024,
8797702,3469,CA,4,01/05/2022,
5325849,6250,CA,2,20/12/2023,
9031014,7266,SB,6,08/09/2023,04/03/2024
7592885,3591,CA,5,24/09/2021,
6878298,4567,CA,6,14/10/2019,
1716006,1856,SL,4,11/08/2023,
9527586,3764,SB,1,07/10/2023,
6687332,2716,SB,5,02/04/2021,
4285266,4085,CA,2,17/03/2023,
9414230,6935,CA,4,24/11/2023,
4793280,7211,CA,5,25/02/2023,
7187475,5322,CA,4,27/09/2021,
5568934,4448,CA,4,18/12/2023,
6944438,1712,CA,2,15/07/2022,
5926390,5375,CA,3,21/12/2020,
5869517,3364,CA,5,24/06/2021,
1404807,1053,SB,2,28/08/2022,
4439894,4763,CA,4,05/09/2018,
2670847,4952,CA,2,23/02/2024,
5283782,4970,SB,3,22/04/2021,
8053232,3545,SB,6,15/07/2023,
9431476,5521,CA,5,21/02/2021,
5266466,6549,SB,3,17/09/2020,
9222016,5999,SB,1,21/05/2021,
9469115,5819,CA,5,08/12/2023,
8753621,3474,SL,3,17/06/2023,
1523793,6352,SL,4,12/02/2024,
2795676,7935,CA,5,20/06/2023,
6170953,2018,CA,5,23/03/2023,
4952270,6749,SB,2,04/06/2023,
8019225,6419,SB,4,18/05/2020,
5316483,6606,CA,1,06/02/2022,
6371784,6713,CA,6,05/01/2022,
7425635,4585,CA,3,02/05/2020,
9174493,7151,SB,2,16/06/2019,
7001792,3808,SB,3,23/03/2022,
8373269,2998,CA,1,21/09/2019,
6784257,3147,SB,1,05/03/2021,
7136901,7270,SB,5,15/07/2023,
8847082,3334,CA,1,04/09/2022,
5779723,1792,CA,3,23/02/2024,
6378780,5153,SB,4,31/12/2023,
5452353,3370,SL,4,30/12/2018,
5102286,4326,SB,5,23/12/2023,
3258769,4958,SB,6,09/12/2023,
4465528,5702,CA,3,15/11/2020,
6528516,5623,SB,3,05/12/2022,
3240295,1313,SB,1,10/03/2020,
4340798,1812,CA,3,22/05/2020,
4448024,3011,CA,2,22/11/2020,
4864831,1524,CA,6,20/09/2023,
9358004,2935,CA,1,22/04/2022,
5873393,4969,CA,2,25/12/2023,
5982430,1466,CA,5,08/08/2020,
2921048,6921,CA,4,10/06/2022,
4491252,2118,CA,5,07/03/2022,
6204690,5282,SL,4,26/10/2019,
5051034,3866,SB,5,10/04/2022,
7289079,1697,SB,3,09/09/2023,
4245029,3938,SB,2,09/07/2020,
6305708,5226,SB,4,29/07/2023,
1471870,7230,CA,1,10/11/2023,
3358209,6502,SB,2,02/09/2023,
5836680,6875,SB,1,06/11/2023,
1998126,5133,SB,2,18/03/2024,
2149294,6468,CA,2,06/03/2021,
6135739,6860,CA,5,19/12/2023,
3353118,5351,CA,4,16/02/2022,
9470077,1009,CA,4,29/01/2024,
2955635,7273,SB,2,22/12/2022,
1440279,3681,SB,3,26/07/2023,
6004922,7774,CA,3,23/07/2020,
9109673,3356,SBP,1,20/11/2023,
9265991,5565,SB,1,11/06/2022,
8624340,4752,CA,5,10/06/2022,
6950597,6431,CA,2,09/06/2021,
4327609,5729,CA,1,03/01/2023,
2096458,1847,CA,1,10/10/2023,
5470384,6429,CA,6,09/02/2021,
9249465,4283,CA,2,20/08/2022,
3148564,6318,CA,5,25/10/2023,
2330780,3390,CA,1,19/01/2024,
7957255,4569,SL,5,18/04/2023,
9484638,4133,CA,4,20/05/2021,
2477392,1569,SB,5,25/05/2023,
2133911,3730,CA,3,05/09/2021,
3780056,3619,SBP,3,19/04/2023,
3737620,5174,CA,5,26/11/2023,
6332014,6990,CA,3,11/08/2023,
2663598,7626,SBP,4,29/11/2022,
5398453,3638,SL,2,12/09/2022,
3221787,3571,SB,3,26/12/2022,
8216741,4261,CA,3,06/01/2023,
5020901,6140,CA,5,16/07/2020,
7616184,3996,SB,4,17/10/2022,
8792878,3758,SL,2,31/08/2022,
8662125,5107,SB,5,05/07/2023,
6223257,4629,SB,5,24/02/2024,
8429070,3633,CA,6,06/08/2023,
6357930,2111,SB,4,26/01/2022,
2244996,7840,CA,2,23/12/2020,
2899363,3776,CA,4,21/03/2023,
4720602,4611,CA,2,16/01/2024,
4774915,3418,SB,4,01/01/2021,
5674525,2463,CA,5,17/08/2023,
2596599,6798,CA,5,07/01/2024,
3869480,1203,SB,1,08/04/2023,
5258769,3830,CA,3,12/10/2023,
4150607,1217,SB,6,26/06/2022,
2493879,4754,CA,4,12/09/2023,
3860681,5139,SB,6,24/07/2023,
1279391,2347,SB,1,07/09/2023,
8088287,2246,CA,3,05/10/2023,
8792697,5540,CA,4,14/02/2022,
9118323,1439,CA,2,10/03/2023,
6121020,3721,CA,3,01/01/2024,
1782105,3385,SBP,5,03/09/2020,
5118026,1887,CA,1,10/11/2023,
6068097,6363,SB,3,24/01/2023,
5977727,3445,CA,3,28/10/2023,
8851881,7235,SB,5,19/08/2021,
2428698,1570,SB,4,02/03/2024,
5150701,3881,SB,2,05/02/2024,
5672990,7255,SB,5,21/02/2023,
4553355,5649,CA,2,09/01/2023,
8367148,2510,CA,4,04/06/2023,
3160126,5058,SL,3,11/02/2023,
5006176,5599,SB,2,23/03/2022,
3734127,6572,SBP,1,15/09/2022,
5691073,7944,CA,1,30/06/2020,
3620828,2051,SB,5,17/05/2023,
2432558,1153,SL,4,25/05/2021,
2235060,2769,CA,5,02/07/2022,
4018222,7216,CA,5,31/12/2023,
6395369,3278,SB,6,08/10/2021,
6076582,2822,SB,5,16/08/2022,
8602272,3266,SB,6,16/10/2018,
3320808,1210,CA,1,15/12/2020,
9097947,4739,SB,1,11/01/2023,
6336303,3956,CA,5,02/01/2023,
7987472,1427,CA,1,08/12/2023,
5802033,6441,CA,4,25/06/2020,
9631029,5348,SB,6,04/10/2023,
9519009,5363,SB,6,20/07/2020,
8578875,4845,SB,5,26/12/2023,
2584090,2477,CA,1,22/03/2023,
1903252,5571,SL,2,05/12/2023,
8482738,1169,CA,6,23/11/2022,
6642158,2215,SB,5,09/01/2021,
5434976,3051,SB,5,26/03/2022,
1668440,7018,CA,4,03/05/2022,
2766710,4023,SB,3,11/11/2022,
5075214,4633,CA,3,01/01/2021,
1582550,5811,SB,6,01/11/2021,
5756144,4782,SB,4,02/07/2021,
1909475,6225,CA,4,22/12/2023,
4173712,4684,SL,4,26/01/2024,
9128193,2071,CA,6,06/01/2023,
8653878,3704,SB,3,18/06/2023,
5901192,4811,SL,4,24/04/2022,
4279382,4456,SB,1,16/07/2022,
8547436,7586,CA,5,05/11/2023,
9484289,2488,SL,5,09/11/2021,
2765293,4441,SB,2,07/04/2023,
9119965,1159,CA,2,20/11/2019,
7072317,1346,CA,6,28/10/2022,
8085444,7173,SB,6,12/10/2023,
6826486,7783,SB,5,18/01/2021,
6620963,2972,SB,1,27/08/2023,
2989394,4009,SL,3,23/08/2021,
3932693,7168,SB,3,13/08/2018,
6767687,2961,CA,6,30/04/2022,
8140758,4800,CA,1,08/02/2024,
9547090,4854,CA,6,08/02/2020,
6069992,6223,SB,3,08/02/2021,
7952973,4520,CA,6,17/05/2021,
1850175,4266,SB,4,05/09/2023,
8865212,6758,SB,6,14/12/2023,
2711898,7367,SL,5,04/11/2021,
6511222,2192,CA,6,17/09/2021,
5469050,3359,SB,5,16/01/2023,
6658134,2295,CA,1,22/04/2021,
3179341,1750,SB,3,03/04/2022,
8015432,7746,CA,2,07/02/2023,
9867992,4241,CA,2,21/03/2024,
1253811,4043,SB,3,12/02/2023,
8985176,5703,CA,2,22/09/2022,
8167643,7443,CA,6,14/02/2024,
2143893,4597,SB,1,01/03/2022,
4381612,4618,SB,1,19/03/2024,
7304150,1260,SB,3,22/10/2021,
9597826,7461,SB,2,08/10/2019,
8650716,7991,SB,6,01/05/2022,
2100401,2752,CA,1,29/09/2023,
4649640,2475,CA,1,28/01/2023,
5714960,1602,CA,4,10/08/2019,
3432537,2799,SL,4,02/12/2020,
6066827,6884,SB,1,10/11/2022,
8584868,6144,CA,3,03/01/2022,
9366614,2592,SB,5,10/03/2020,
3271691,2294,SL,5,07/02/2020,
1718848,7747,CA,6,20/02/2024,
5249245,4834,SB,1,11/09/2022,
3891644,3831,SB,1,24/05/2023,
6448022,4577,SB,1,03/04/2022,
1463919,7641,CA,3,02/02/2024,
8079447,1988,SL,4,24/07/2022,
2798290,4714,SL,1,30/09/2023,
5004351,4742,SB,1,01/09/2020,
3138061,5270,SB,2,19/11/2023,
8976310,4702,SL,3,16/03/2024,
3205254,5784,SB,6,14/01/2024,
3817706,6986,CA,1,31/12/2021,
9595853,4112,SB,2,27/01/2023,
6131124,7609,SB,5,10/07/2022,
9771955,6732,CA,6,07/01/2023,
5821808,1026,SB,1,23/09/2023,
8205271,2694,SL,1,29/07/2023,
9329499,7618,SL,2,06/01/2021,
9157033,1634,SB,3,29/03/2024,
5323626,4524,CA,1,23/09/2018,
8898105,6807,SBP,5,12/03/2024,
3661189,6415,SB,1,01/01/2024,
7670005,2307,CA,5,30/08/2022,
4432411,5045,SL,6,01/07/2021,
9761367,7533,SL,6,07/03/2023,
3524729,1103,SB,4,25/10/2021,
2405718,3648,SB,4,13/08/2020,14/01/2022
5869162,6699,CA,5,09/11/2023,16/03/2024
8196078,1058,CA,3,07/05/2022,
6936660,6596,CA,1,05/01/2022,
9752924,5156,SB,1,17/09/2022,05/02/2024
5716913,5995,CA,4,13/05/2023,
1277537,6970,CA,5,12/07/2022,
5979750,1371,CA,1,24/09/2023,
6243435,3426,SB,1,14/10/2023,
9449301,4521,SL,3,08/03/2022,
3727517,5780,CA,2,09/01/2024,
8726322,1660,CA,4,26/09/2023,
9360400,2427,SB,4,20/10/2023,
7024718,3577,SB,2,22/03/2024,
6811916,3660,CA,1,01/12/2020,
7563034,3548,SB,3,05/03/2024,
8873914,6523,CA,3,18/01/2024,
6633028,5042,CA,4,15/11/2023,
4399561,6447,SB,3,02/11/2022,
5240992,4893,CA,6,16/10/2023,
7659684,4652,SL,2,27/06/2023,
5153027,1420,CA,1,07/12/2021,
8126162,4268,SB,6,28/02/2023,
1966780,7853,SB,2,28/04/2021,
6572612,2871,CA,5,01/10/2020,
9169724,2924,SB,4,16/08/2021,
7630497,3689,CA,3,21/12/2020,
7711826,7539,SL,5,19/07/2023,
3786403,6062,CA,3,16/11/2020,
9544735,7120,CA,6,30/10/2020,
1855586,1172,CA,1,17/02/2019,
3352560,3584,SBP,1,31/01/2024,
9661547,6629,SB,1,27/06/2023,
6804446,5966,SB,3,24/07/2023,
2918338,6339,CA,5,11/01/2022,
8621612,4515,SB,1,16/01/2021,
2907384,5858,CA,5,15/01/2024,
8900481,6270,SL,3,28/05/2023,
1491989,2536,CA,6,06/01/2024,
3653026,6543,CA,5,05/01/2022,
8112799,5586,CA,6,31/10/2022,
3824251,5526,SB,3,13/10/2023,
2489909,5829,SB,3,03/02/2021,
9111245,6967,CA,4,11/07/2019,
5680844,5906,SB,3,05/03/2024,
6914614,7795,SB,3,22/04/2022,
7903163,7335,SB,2,10/08/2023,
2581967,3817,SB,1,17/02/2024,
6746915,4313,CA,4,19/12/2020,
7609999,3016,SB,4,17/11/2022,
6547192,6641,CA,4,13/09/2021,
9420900,1421,CA,2,10/12/2020,
1836786,3237,SB,6,19/02/2024,
2382409,5990,SL,3,15/11/2018,
5173291,2763,CA,1,24/03/2022,
6055919,3781,CA,5,10/08/2020,
5051086,6159,SB,6,04/08/2022,
2750813,3470,CA,3,18/03/2021,
8515333,6480,CA,2,09/03/2019,
2886101,1496,CA,3,09/04/2019,
2920731,2282,SB,3,11/12/2020,
8678190,3136,SB,2,31/12/2023,
4025637,3560,CA,4,30/11/2021,
6258707,7127,CA,4,04/08/2021,
1720154,6416,CA,1,16/03/2021,
2006100,1158,SB,1,23/12/2023,
6676603,6965,CA,4,20/08/2023,
2176024,2263,CA,6,06/02/2022,
6156394,1326,SB,5,08/09/2023,
7248516,2425,CA,3,01/09/2023,
7523289,5461,SB,5,11/10/2023,
8460225,6205,CA,3,01/11/2022,
3676755,4533,CA,4,01/03/2022,
5331453,6195,CA,1,10/09/2023,
8147581,3687,SB,6,20/07/2020,
4255353,6385,SB,1,16/10/2023,23/10/2023
4086352,2995,SB,5,06/10/2023,
4171676,7409,CA,1,08/12/2022,
2559369,2356,SB,4,17/08/2022,
7652528,6577,CA,6,14/01/2019,
5274953,6196,CA,5,07/03/2023,
9583970,3886,SL,6,03/01/2022,
3635616,5002,CA,3,22/08/2021,
5129975,7078,CA,1,23/06/2022,
8971311,7619,CA,6,01/08/2023,
5495532,1375,CA,2,06/03/2023,
8944813,3000,CA,1,04/02/2024,
5518171,2332,SB,3,27/03/2021,
1392162,6218,CA,6,17/09/2023,
9040154,5274,SL,5,20/10/2022,
6060158,6827,SB,3,17/12/2023,
3884891,3700,CA,2,17/10/2021,
2473697,7129,CA,6,04/05/2021,
8645495,1193,CA,4,14/10/2019,
7032129,6566,SB,1,16/01/2023,
6253475,3769,CA,5,11/09/2023,
8353222,6206,SB,4,18/05/2022,
5430451,1823,CA,6,21/01/2024,
8898933,7942,SB,6,11/11/2022,
6303260,1385,SB,3,22/07/2019,
4576806,1583,CA,6,20/12/2021,
7688581,7037,SL,5,15/09/2022,
9341386,3327,SB,4,28/06/2021,
3023844,4346,CA,5,28/10/2019,
5214151,4907,SL,2,24/09/2020,
7632731,3535,SB,2,12/01/2024,
7256835,3167,SL,1,02/09/2022,
6198414,5049,SB,1,15/08/2023,
6187650,6895,CA,2,11/10/2020,
1602585,7387,CA,6,24/07/2020,
7875018,7064,CA,5,26/09/2020,
5839516,3046,SB,2,24/07/2023,
1370361,6563,SB,1,15/11/2021,
2057325,4900,CA,2,22/12/2023,
9568200,2633,CA,6,19/09/2020,
6036041,4896,SB,2,01/08/2019,
5095245,4671,SBP,5,24/04/2021,
7145464,4149,SB,4,28/03/2024,
4908786,4675,CA,6,11/08/2020,
4424385,5744,CA,1,05/10/2020,
5439319,6720,CA,5,29/11/2022,
3529274,2264,SL,2,17/01/2024,
2864640,6492,CA,2,06/01/2024,
1895901,3096,SB,4,01/03/2022,
6417533,1160,CA,1,13/08/2019,
8630285,3511,SB,1,09/07/2023,
1794263,7607,SB,3,29/03/2023,
7355855,5160,SB,1,12/10/2023,
3439224,7415,CA,4,23/04/2023,
2746687,7488,CA,3,08/12/2022,
6185631,1115,CA,3,27/06/2022,
6715937,3965,SL,2,21/07/2021,
8205485,5232,SL,2,17/10/2023,
4181251,2265,SB,1,26/02/2024,
4603277,4777,SB,3,10/05/2019,
3451773,2374,SB,2,28/06/2022,
7372570,1949,CA,4,15/02/2021,
9653219,2044,SL,2,18/09/2023,
5806750,7473,CA,6,09/01/2024,
3995097,2954,CA,6,03/12/2023,
5545742,5415,SB,2,21/11/2023,
9318565,7124,CA,3,04/02/2024,
6186151,5089,CA,3,14/07/2023,
6917198,6706,SB,5,29/10/2018,
3166727,4901,CA,6,26/08/2020,
9091796,5473,SB,4,28/02/2023,
2497813,6908,CA,3,21/03/2024,
3596010,3093,CA,1,19/03/2024,
5019686,1526,CA,6,10/09/2021,
7901958,4019,CA,4,10/05/2019,
7371187,5639,SB,4,18/09/2023,
2749530,5398,CA,3,04/05/2022,
7854362,7349,SB,4,14/07/2023,
1468016,1506,SB,3,30/01/2024,
5671378,1149,SB,2,29/07/2022,
3307974,4994,SL,6,31/07/2022,
8864543,7548,SB,5,26/02/2024,
7418341,3088,CA,2,22/03/2022,
5632838,7595,CA,6,30/01/2024,
7627047,5578,CA,3,27/01/2024,
7466793,6479,SB,6,11/04/2023,
3052245,5421,CA,3,23/03/2024,
5157380,1791,SB,2,08/09/2021,
9144569,5362,SB,1,26/10/2023,
1654343,1951,CA,1,21/11/2022,
6737532,5734,SB,6,04/03/2021,
4948425,5444,CA,1,21/02/2023,
2295105,1215,CA,3,09/09/2022,
9023616,5610,SB,4,23/12/2022,
6304409,2522,SB,3,18/03/2023,
8084567,3757,SB,4,17/11/2020,
3191997,4453,SB,2,25/12/2021,
3579569,6623,CA,5,12/09/2023,
1995293,3787,SB,4,24/11/2023,
1858815,6296,SB,1,26/08/2023,
6340890,1991,SB,3,31/12/2023,
9499369,6185,CA,2,25/02/2024,
3182678,3105,SB,1,06/11/2021,
2865111,7190,CA,2,27/08/2023,
5173790,5417,CA,5,27/03/2024,
3510565,4329,SL,3,24/11/2023,
7754895,4198,CA,6,02/02/2022,
8845379,3284,SL,3,11/03/2020,
7459040,6097,SB,5,06/06/2020,
8266280,2826,CA,3,02/09/2023,
3826964,7577,SB,6,11/04/2022,
8195107,4123,SL,4,04/02/2023,
2895807,6587,SB,2,07/11/2022,
9444380,3086,SB,6,23/03/2023,
8081548,4298,SB,1,22/06/2020,
5927760,3480,SB,5,26/10/2022,
1783388,3404,SB,4,28/11/2021,
7450961,1491,CA,1,01/04/2023,
4879680,4137,SB,1,26/11/2023,
8673233,3435,CA,5,30/06/2023,
8695258,4876,SBP,4,16/10/2022,
5195812,3663,SL,1,02/03/2024,
7319362,5541,CA,1,16/07/2022,
2901393,2814,SB,4,06/11/2021,
7397357,6936,SL,3,20/12/2018,
7252048,7761,CA,1,21/12/2022,
2250361,5205,SB,2,05/09/2021,
7914174,2996,SL,4,06/12/2023,
5863022,1488,CA,1,06/04/2022,
4418959,6999,SB,5,05/12/2022,
3283999,5425,CA,6,18/05/2023,
8863391,4680,SL,2,27/02/2024,
2772524,2341,SBP,6,23/06/2021,
4793045,4271,SL,6,08/03/2023,
1592818,5883,SB,1,28/11/2023,
2083066,5987,SB,2,26/02/2024,
6829855,2148,SB,2,18/06/2019,
5320907,6923,CA,3,22/11/2023,
3347152,1174,SB,6,14/11/2023,
4677278,6417,CA,2,07/10/2022,
2385587,5189,SB,3,16/02/2024,
4710023,3250,CA,4,23/10/2023,
4857562,2866,CA,3,19/01/2024,
5143569,5601,CA,5,12/12/2023,
6746814,6337,SB,1,15/01/2021,
3710048,3173,CA,4,17/01/2023,
1282072,5423,SB,4,30/06/2022,
5886399,3344,CA,5,18/08/2019,
3661961,4020,CA,3,17/01/2023,
3415406,7827,SB,1,16/02/2022,
5439779,2083,SB,3,01/10/2021,
4162075,1994,CA,2,02/05/2022,
3078758,3175,SB,3,27/06/2022,
1667019,2352,SL,4,24/09/2023,
3445791,1739,SB,1,30/03/2022,
1483814,7364,CA,3,02/07/2023,
7244808,5821,CA,1,21/07/2023,
5226329,3033,SL,1,07/06/2021,
6666483,4892,CA,2,02/02/2023,
1499262,7384,SL,2,01/06/2023,
4157866,2304,SB,4,18/05/2021,
5686628,3723,SL,5,06/12/2021,
2113609,2268,SB,1,31/05/2021,
3361155,1632,SBP,5,07/12/2022,
8297046,1979,CA,4,11/12/2023,
3141218,2434,SB,1,12/03/2023,
2300826,7337,CA,1,23/11/2023,
9224581,5931,SB,6,23/11/2023,
8755310,4537,SB,5,19/05/2023,
7308506,2442,SL,3,13/06/2023,
9845204,4145,SBP,2,04/08/2021,
3064122,4677,SB,3,27/01/2023,
8817892,5897,CA,5,02/07/2023,
9687510,6697,CA,2,23/01/2024,
4951488,1772,SB,3,15/06/2023,
1962044,1336,CA,6,01/05/2023,
6295017,1376,CA,2,28/02/2024,
8919178,6604,CA,1,27/09/2023,
1757121,3068,CA,3,21/12/2023,
2254980,5899,CA,2,15/03/2023,
9270482,5008,CA,6,05/02/2022,
7972519,2481,CA,2,12/01/2022,
8386184,4334,CA,2,26/02/2024,
3045798,4385,SBP,6,06/01/2024,
9459846,4503,CA,3,11/01/2022,
8676241,2407,CA,4,28/04/2022,
2467469,6308,SB,3,31/10/2022,
2589939,4345,CA,5,07/02/2024,
6638639,7560,SL,6,24/08/2023,
3723128,3783,SB,3,08/05/2023,
2336465,3573,CA,2,25/05/2021,
3351643,3185,CA,6,02/01/2024,
5848502,7873,SL,1,18/08/2022,
6690206,3732,SL,3,05/08/2021,
7625015,4698,SB,6,18/11/2020,
6182063,5280,SB,3,10/06/2023,
8846581,4743,CA,6,11/03/2023,
9716239,6637,SBP,2,19/06/2021,
8452047,4960,CA,1,21/08/2023,
2898438,1029,SL,1,28/12/2023,
3154049,1444,SB,5,16/10/2023,
4841988,2741,SB,6,25/04/2023,
8449876,4999,SB,3,21/09/2023,
8810334,1671,CA,1,28/05/2023,
5067986,7671,CA,1,07/03/2022,
8177139,7086,CA,4,25/05/2022,
6920828,4512,CA,4,22/12/2023,
8842949,6516,SB,1,23/03/2024,
7924082,3417,CA,6,07/03/2024,
8213648,3067,CA,5,17/12/2023,
2829775,3230,SBP,1,07/07/2022,
6478191,5630,SL,2,29/05/2023,
8394411,3784,SL,3,27/09/2022,
6477775,3882,SBP,5,18/03/2023,
5510841,5870,CA,2,09/01/2022,
7514229,2021,CA,5,23/12/2023,
3795356,1468,SB,2,27/05/2022,
9191394,4816,SB,3,01/06/2023,
2360810,2545,CA,3,28/07/2023,
2764997,6058,SB,4,14/09/2022,
2666676,2876,CA,6,22/08/2021,
2798641,5408,CA,2,11/09/2020,
8480185,2331,SB,4,03/06/2021,
2854582,3636,SB,2,24/04/2022,
7486476,1606,SB,4,29/08/2021,
3417475,7651,CA,3,04/09/2022,
2240813,2143,SL,5,25/01/2024,
6765041,2209,CA,4,17/05/2021,
3285200,4311,CA,2,03/01/2023,
8126725,5098,SL,2,03/04/2023,
7166891,4725,SL,6,07/10/2023,
8330202,3116,SB,3,05/05/2022,
2097621,2031,SB,2,07/10/2023,
6060120,4638,SB,1,07/08/2023,
6476522,6303,SB,5,24/11/2020,
7134144,7828,CA,4,07/12/2023,
2972629,4967,CA,6,23/06/2022,
9747469,5313,CA,5,28/02/2021,
4803664,5742,CA,3,14/04/2022,
3830441,4978,SB,6,18/01/2022,
9324295,3525,SB,4,22/07/2022,
4996704,2423,CA,4,03/03/2024,
3050103,7706,CA,1,28/02/2023,
7108438,3162,SB,3,06/09/2023,28/01/2024
7401151,1756,CA,6,13/03/2024,
3161955,5909,SB,6,21/06/2021,
5908099,3656,SB,2,16/04/2022,
5028819,6885,SB,1,27/01/2022,
8433811,1120,SB,1,02/02/2024,
1674966,3880,SB,6,28/01/2024,
5721528,3139,CA,6,15/02/2019,
1720253,6897,SB,5,06/03/2023,
4261379,5135,SB,5,26/06/2019,
5819216,3057,CA,5,25/11/2023,
6418402,1237,SL,1,18/02/2021,
6935811,6391,SB,2,19/03/2023,
7123695,7611,SB,4,14/01/2023,
1336938,7074,SB,5,04/05/2023,
4277980,6852,SL,2,24/08/2022,
3637861,6775,SB,3,02/06/2023,
7958545,1170,SB,5,17/04/2022,
2401949,2888,SB,4,29/12/2022,
3614761,6463,SB,3,14/03/2023,
1748840,1407,SB,3,12/07/2021,
2773938,5788,SB,4,13/12/2023,
4843830,4242,CA,5,30/11/2023,
7545994,2960,SL,1,16/12/2021,
8278120,1848,SL,4,22/06/2022,
8845413,6325,CA,4,09/07/2023,
6953785,7319,SB,4,17/07/2023,
3875389,6138,CA,3,27/11/2023,
7442960,7249,CA,2,29/12/2021,
6462907,3576,SB,1,24/07/2023,
6676741,4986,CA,5,04/08/2023,
2659842,6287,SB,5,18/07/2020,
2117129,4031,SB,2,09/07/2022,
3844697,1590,SB,4,02/08/2022,
3875399,4496,CA,1,30/11/2022,
2069376,4389,CA,5,19/01/2022,
2603210,6253,SB,6,04/07/2023,
5799628,1416,SBP,5,10/04/2021,
8668702,4715,SB,4,23/03/2024,
8348287,7357,CA,6,02/09/2023,
9382551,5552,SB,2,03/08/2023,
8650770,2231,SB,1,31/05/2023,
8183350,3145,SB,2,08/03/2021,
5817479,3655,CA,2,13/09/2021,
4851147,1941,SB,1,14/11/2023,
9830244,6640,SB,1,06/09/2022,
3144040,1303,SL,5,09/12/2023,
7025539,4686,CA,5,25/11/2023,
8447253,4531,SB,1,13/09/2022,
3094921,6982,SL,6,05/08/2021,
5986587,7794,CA,3,05/09/2020,
9398842,7689,SL,5,16/11/2023,
6408918,1665,SB,3,03/11/2022,
1996476,5432,CA,6,11/06/2022,
4934185,3291,CA,1,03/04/2022,
7865919,7733,SB,6,09/12/2022,
2153588,5251,CA,5,04/02/2023,
1363467,7072,SB,2,15/09/2019,
4664150,7175,CA,1,02/03/2024,
6291477,3232,SB,4,11/10/2021,
4778418,4950,CA,3,16/08/2023,
3536917,2797,SL,6,07/04/2021,
5521405,3041,SBP,1,13/12/2023,
6090617,2936,SBP,6,21/06/2022,
6739479,1605,SB,1,04/02/2024,
3247503,2989,CA,5,08/09/2023,
1364186,4100,SB,5,10/09/2020,
9579241,1257,CA,5,19/04/2023,
8459692,4885,CA,6,10/12/2023,
4182169,5418,CA,4,26/01/2024,
3401876,6404,SB,5,22/09/2020,
7613322,2252,SB,1,19/04/2021,
5095117,7021,SB,5,29/11/2023,
9627509,7191,SB,2,18/10/2021,
7176439,5516,CA,5,09/10/2018,
2443726,4583,SBP,6,11/01/2024,
7896248,2721,CA,4,21/12/2023,
1944214,5543,SB,2,06/01/2022,
8553050,1538,CA,6,10/03/2024,
1548930,5751,SB,6,23/06/2023,
8947896,1361,SB,6,17/02/2024,
2540817,7353,CA,1,31/05/2023,
6486785,4173,CA,6,26/03/2024,
8436695,1594,SB,1,24/07/2023,
8019590,1410,SB,6,22/12/2023,
8242241,6893,CA,3,26/01/2022,
6091759,6599,SL,2,19/07/2023,
3166788,4764,CA,3,02/07/2023,
8029814,4342,CA,6,08/10/2023,
1584414,6794,SL,2,22/12/2023,
6683205,1560,CA,2,24/04/2023,
4118053,1304,SB,4,08/08/2023,
8953645,6540,CA,3,28/09/2020,
7305380,7901,CA,4,09/03/2023,
2713074,1947,SBP,2,26/08/2022,
8561307,4274,CA,1,03/02/2024,
3010588,6800,SL,2,14/02/2024,
5316673,3252,CA,4,07/02/2024,
8543939,3123,CA,3,01/02/2024,
7952933,1744,CA,6,07/04/2022,
2553979,5994,SB,6,07/02/2024,
7874363,3710,CA,3,11/03/2024,
6440043,6857,SB,6,30/03/2023,27/05/2023
6930587,1549,SB,6,05/07/2020,
4951862,5723,SBP,4,07/01/2023,
6822464,1747,CA,3,10/11/2019,
4055298,2217,SL,5,13/12/2022,
2515933,5016,SB,1,01/06/2020,
9798988,1796,SB,1,07/01/2024,
3147549,3091,SB,6,15/12/2021,
9790075,2438,SB,1,22/03/2024,
4487664,2561,SB,3,06/10/2022,
7096044,2064,CA,3,08/05/2023,
7124976,7294,CA,2,28/12/2022,
3712324,3564,SL,2,19/08/2019,
5198433,3508,SB,1,31/03/2020,
2959273,4936,SB,5,22/10/2023,
3691426,4166,SB,2,18/02/2021,
5528934,3590,CA,2,21/10/2023,
4544171,4032,CA,3,05/03/2024,
4145330,4981,SB,5,15/01/2022,
3799229,2837,CA,6,02/12/2022,
2498718,6305,CA,1,06/10/2022,
4206518,7569,SB,2,12/01/2023,
9524408,1940,CA,5,14/01/2022,
9018340,6865,SB,5,15/11/2023,
8765880,5403,CA,1,03/10/2022,
6657034,4806,SB,5,06/05/2020,
6538430,3771,CA,5,05/11/2023,
3767144,1355,SB,5,25/07/2019,
8612495,5428,CA,2,13/03/2024,
2380153,4839,CA,1,22/06/2023,
9101690,7317,CA,5,19/05/2023,
8653520,7041,SB,5,22/02/2024,
6314983,4237,SB,2,04/11/2022,
5842759,2968,CA,1,19/03/2024,
2176911,1701,SB,3,22/11/2023,
7139110,7205,SB,2,09/09/2023,
9746200,6588,SB,1,17/07/2021,
2479212,5508,CA,5,09/05/2023,
6442279,5163,SB,1,18/12/2023,
8981253,4632,CA,1,30/07/2023,
8816356,2733,CA,6,11/01/2024,
1865444,1839,SBP,1,20/05/2023,
2188956,5047,CA,3,15/11/2022,
7420890,6633,SB,1,28/03/2023,
6050853,6657,SB,3,09/09/2021,
2521832,5956,SB,5,20/10/2020,
2749423,5668,SB,3,24/12/2021,
9741686,5973,CA,5,02/07/2020,
7685045,6845,CA,5,09/01/2023,
8997513,6932,SB,3,19/04/2023,
1922746,2145,CA,2,24/03/2022,
8779779,7719,CA,4,25/10/2023,
4392634,2765,CA,1,22/05/2022,
6628823,5813,CA,6,22/05/2022,
9214230,4185,CA,4,17/12/2023,
9646047,7841,CA,1,14/11/2023,
3765528,4473,SB,1,04/11/2023,
2272568,5548,SB,5,25/09/2021,
8793023,5532,SB,1,30/06/2022,
2970973,7725,CA,6,29/11/2021,
6996429,5168,CA,1,25/02/2023,
2649308,4021,CA,3,27/04/2023,
9699427,1895,SB,4,01/10/2021,
4129558,4105,SB,3,18/04/2022,
1891195,3981,CA,6,02/02/2024,
5390949,1596,SL,1,05/11/2022,
8578865,3249,CA,6,15/07/2021,24/07/2021
8606774,5100,SB,5,10/02/2020,
3897819,1767,SB,3,02/04/2023,23/05/2023
7339694,5222,SL,3,04/01/2020,
7489918,1539,SB,2,18/02/2023,
5980666,6984,SB,1,31/10/2021,
7734271,2133,CA,5,15/08/2022,
8092512,7450,SB,3,15/10/2023,
6911358,4290,CA,3,23/03/2023,
2113047,3677,SL,5,25/11/2022,
6848984,1342,SB,6,27/07/2023,
2340317,7119,SB,6,19/01/2024,
6765793,4699,SB,1,04/10/2023,
2820046,6688,SB,2,16/05/2021,
7719971,1645,SB,3,04/01/2020,
6001695,5556,SB,2,31/08/2021,
5462287,4976,CA,6,21/03/2023,
3757345,6988,CA,6,21/02/2022,
6827386,5967,CA,4,08/11/2023,
2601876,4063,CA,1,31/07/2021,
3607274,3896,SL,4,15/03/2024,
7103518,1568,CA,4,20/05/2019,
6439324,6555,SBP,4,01/03/2024,
7810463,2392,CA,1,11/10/2021,
3397949,1571,CA,1,26/02/2024,
2655849,2575,SB,5,22/10/2023,
6428422,5364,SB,2,30/04/2023,
7554130,2440,SB,2,06/12/2020,
6745422,2902,SB,5,27/01/2024,
3378523,7767,SB,5,22/04/2022,
2802380,1721,CA,6,01/04/2023,
8338080,6757,SBP,4,05/08/2022,
9765521,6493,SBP,5,29/07/2023,
7304968,1932,SB,3,10/02/2024,
1540357,4730,CA,2,05/01/2024,
7317879,5891,SB,5,05/10/2022,
6416412,2020,CA,3,10/04/2019,
4258809,2894,CA,3,19/05/2022,
4828056,2875,CA,3,07/11/2023,
6967817,1320,SB,6,25/08/2021,
9392772,4392,SL,6,30/12/2022,
4455813,6550,SB,3,17/07/2021,
5035261,6806,SB,6,27/02/2023,
3542463,3984,CA,4,22/09/2020,
3834048,5658,CA,3,01/01/2023,
2529115,5827,CA,4,17/08/2023,
6197067,5618,SBP,4,29/01/2024,
2931360,4013,CA,3,09/11/2023,
9752119,1929,SL,2,05/02/2023,
1867797,6698,SB,3,19/06/2021,
6884468,2162,SB,3,26/02/2021,
3433138,7359,SB,6,16/06/2022,
7554810,7218,SB,3,09/02/2024,
3822431,4846,SL,2,13/12/2022,
3956556,7123,SL,6,09/06/2021,
4268591,3265,CA,1,19/08/2019,
4011786,4280,CA,1,02/03/2024,
8577441,4462,SB,4,19/08/2023,
1967537,6234,SL,4,16/05/2018,
8127563,3741,CA,2,25/05/2023,
7346429,3662,SB,5,24/03/2022,
5219595,3207,SB,1,21/08/2023,
8686917,3169,SB,4,27/01/2020,
6014797,1795,CA,1,15/10/2022,23/11/2022
8766261,4052,SB,2,29/07/2022,
5160417,5533,SL,2,29/03/2023,
5247081,2153,CA,5,08/03/2024,
6426509,4825,CA,5,22/05/2020,
9103276,5566,SBP,6,31/01/2020,
4489551,7487,CA,2,07/07/2021,
7405847,2338,SB,4,29/03/2024,
8626497,3973,SB,1,09/03/2024,
8980204,7984,CA,3,19/11/2023,
5961845,6462,SL,5,11/02/2021,
7641256,3813,SB,3,27/09/2022,
9671874,2045,SB,4,17/03/2024,
8258463,2559,CA,5,13/09/2023,
3953384,4375,SB,3,01/04/2023,19/03/2024
4584871,3279,CA,4,03/07/2023,
3556442,1944,CA,1,05/12/2023,
5428857,6662,SBP,4,07/04/2021,
2109931,2577,CA,6,06/12/2023,
9297473,6704,SB,5,21/11/2019,
7462405,6045,CA,2,28/03/2024,
2955670,5937,SB,1,19/01/2024,
3326245,7534,CA,3,31/10/2022,
6017063,2628,SBP,5,20/02/2020,
2641691,1573,SB,2,24/03/2024,
3924094,6087,CA,4,12/06/2019,
5811178,6073,CA,2,18/12/2021,
8772825,6291,CA,5,03/08/2023,
9847129,5844,SB,5,09/09/2023,
3706600,1837,CA,6,23/05/2019,
8574071,6406,SB,6,19/12/2023,
2773198,2977,CA,2,10/10/2022,
4959679,6682,CA,4,30/01/2024,
8803171,6191,SB,2,06/03/2021,
7099564,1759,SB,5,21/03/2022,
1681951,2269,CA,5,29/04/2021,
8195315,7350,CA,3,03/04/2022,
2128002,5537,CA,6,10/12/2023,
7885893,2056,SB,3,23/05/2019,
9656781,4622,SB,1,07/08/2023,
7508532,2728,SB,5,26/02/2024,
5190199,6387,SB,3,08/05/2022,
7713292,5620,SB,2,18/09/2023,
2603612,5945,SB,6,13/01/2024,
7524490,2674,SL,6,04/06/2020,
5001635,2170,CA,4,06/07/2023,
1707408,2273,CA,2,06/05/2023,
6581144,2848,CA,4,09/09/2023,
2896838,1446,CA,3,19/01/2022,
6859738,4690,SB,1,01/10/2020,
3684800,4690,SL,2,22/10/2019,
3543038,2907,CA,2,01/06/2019,
1877120,2907,CA,2,21/10/2023,
6047537,2973,SB,4,09/08/2023,
9160978,2973,SL,3,06/03/2024,
3563054,2286,CA,2,31/01/2022,
9104861,2286,SB,2,09/06/2022,
8760783,2993,CA,6,24/11/2023,
1322600,2993,CA,1,12/01/2023,
2563687,6660,SBP,6,11/03/2023,
1553332,6660,SBP,6,18/08/2023,
5528191,3193,CA,1,02/02/2024,
4852586,3193,SL,3,04/09/2023,
3743022,4602,SB,6,05/10/2022,
8335536,4602,SL,3,20/05/2022,
3099905,3791,SB,6,04/03/2022,
6068042,3791,SB,5,07/08/2023,
5221441,5963,SB,1,30/09/2022,
6286978,5963,SB,6,16/02/2021,
3278776,5309,CA,5,11/12/2023,
2035602,5309,CA,4,27/08/2023,
5234851,6700,CA,5,02/02/2022,
8278003,6700,SB,2,04/01/2021,
8903593,4586,CA,6,11/05/2018,
2288229,4586,SB,5,21/06/2018,
3094386,5522,SBP,3,02/10/2022,
9620242,5522,CA,4,27/06/2019,
1510239,7431,SB,6,15/03/2024,
5293548,7431,SB,2,01/02/2023,
3643319,2450,SL,5,26/03/2024,
6121233,2450,CA,4,14/10/2023,
8435933,3773,SB,6,29/06/2023,
1260745,3773,SB,4,30/05/2023,
7153770,2421,SL,2,19/01/2024,
5270498,2421,SB,5,19/07/2022,
8223344,1802,SB,4,11/03/2020,
4377105,1802,SB,4,30/10/2023,
2670863,4626,SL,1,17/10/2022,
7284427,4626,SB,4,22/04/2019,
2369970,6043,CA,1,18/03/2024,
9746046,6043,SL,5,29/07/2020,
9750993,6973,SB,6,29/11/2023,
1575653,6973,SB,6,05/08/2021,
7785226,5882,CA,5,04/10/2023,
9122057,5882,SB,5,15/12/2021,
1964886,5716,CA,3,07/12/2022,
7725291,5716,SB,5,30/06/2023,
7497474,2572,CA,4,24/04/2023,
5490045,2572,SB,6,20/05/2023,
1506999,3029,SBP,2,02/03/2020,
7225541,3029,CA,6,26/08/2018,
2367961,1912,SBP,1,24/04/2023,
7019325,1912,CA,6,04/07/2023,
5279921,7377,SL,3,15/09/2022,
2973691,7377,SB,5,05/05/2023,
6813236,6486,SB,5,09/02/2024,
3472741,6486,SB,6,13/08/2020,
1978329,4377,SL,2,18/10/2019,
7145097,4377,CA,2,14/01/2024,
6914380,7159,CA,3,23/07/2020,
4172008,7159,SB,1,10/05/2020,
9029578,5764,SB,6,14/02/2020,
9262920,5764,SB,5,25/06/2020,
4292617,2805,SB,6,01/07/2022,
3496950,2805,SB,3,31/07/2022,
2293151,7913,SB,4,11/04/2023,12/07/2023
8913089,7913,CA,4,16/10/2023,
1854985,5181,SB,3,08/08/2021,
6157649,5181,CA,5,21/08/2019,
4616635,2634,CA,3,20/06/2022,
1969447,2634,CA,5,19/04/2022,
4581048,7198,CA,2,25/03/2020,
1937565,7198,SB,3,16/06/2019,
6529319,3446,CA,5,17/07/2023,
6436710,3446,SB,3,16/07/2023,
7915590,1931,CA,3,29/12/2022,
9176830,1931,CA,5,16/12/2021,
5484399,5239,CA,5,15/10/2023,
1848894,5239,CA,1,18/01/2024,
4440683,6711,SB,3,16/03/2022,
6034644,6711,SB,4,24/06/2023,
7223532,3676,SB,3,09/12/2023,
2036518,3676,SB,3,09/09/2023,
6803272,2348,CA,5,09/05/2022,
5818314,2348,SB,3,19/01/2022,
3322844,2274,SB,6,15/08/2019,
7408837,2274,SB,3,12/10/2022,
8565327,3235,CA,6,02/02/2023,
7945751,3235,CA,4,07/05/2019,
8612056,7941,CA,5,28/11/2023,
7721322,7941,CA,3,14/11/2023,
6922590,1884,SB,6,15/10/2023,
4368772,1884,SB,6,12/01/2024,
9559408,7300,SB,6,28/06/2023,
9581557,7300,SB,2,24/09/2023,
7397558,1811,SB,1,05/07/2023,
5709330,1811,SB,4,28/02/2022,
2620491,6547,SL,3,14/02/2023,
8356422,6547,CA,2,05/09/2023,
2558675,2804,CA,3,26/12/2023,
8458889,2804,CA,3,25/05/2023,
4262057,3044,SB,5,27/02/2022,
6163082,3044,SL,5,22/11/2018,
6623533,4104,CA,5,21/06/2019,
2955807,4104,SL,2,03/06/2023,
2577833,6850,CA,3,31/10/2023,
6736083,6850,SL,1,16/08/2019,
6194515,4849,CA,4,21/01/2024,
6376647,4849,CA,5,28/01/2024,
8715725,3639,SB,5,02/04/2020,
8383541,3639,CA,3,07/05/2020,
4030335,7798,CA,3,19/04/2022,
8682046,7798,CA,2,27/05/2023,
7132479,4717,SB,2,13/07/2022,
8736090,4717,SB,5,07/09/2021,
1945101,6949,CA,3,03/01/2024,
7149463,6949,SB,1,07/12/2023,
8531590,5866,SB,4,25/01/2024,
5840774,5866,CA,3,10/09/2020,
2196808,5553,CA,3,18/07/2023,
2493481,5553,CA,6,12/02/2024,
8049576,6146,CA,2,10/02/2022,
7329849,6146,SB,4,16/02/2023,
9842654,3533,CA,5,09/10/2023,
3918631,3533,SB,3,26/03/2024,
1756952,7895,SB,5,27/08/2023,
3629941,7895,CA,3,12/03/2023,
8585820,1913,SB,5,16/04/2022,
1818329,1913,CA,4,28/03/2023,
3352288,1816,SL,2,22/02/2023,
2362488,1816,SB,4,05/07/2023,
5193845,5785,SB,6,23/04/2022,
7380471,5785,SB,1,18/12/2022,
7310378,3983,CA,2,27/11/2023,
7657730,3983,SB,4,17/12/2023,
1777835,6473,SL,6,27/01/2020,
3808765,6473,SB,1,11/12/2023,
8782948,2647,SB,6,08/07/2023,
7458251,2647,SL,3,05/01/2022,
7475848,1063,CA,3,09/04/2023,
8682565,1063,CA,5,20/02/2020,
2524423,3006,SB,2,22/04/2022,
3544640,3006,CA,3,29/01/2024,
7390898,6427,SB,6,31/01/2020,
7912403,6427,SL,2,29/12/2023,
6509012,2934,CA,3,24/02/2024,
5910138,2934,CA,5,01/03/2024,
5422288,6925,SB,4,21/12/2023,
3137851,6925,CA,5,09/01/2020,
1669253,3963,SB,1,05/06/2020,
4355868,3963,CA,3,21/03/2024,
9607068,1268,SB,1,29/05/2023,
7727070,1268,CA,1,13/06/2022,
3210201,3053,SB,6,22/06/2023,
5626383,3053,SB,2,07/08/2023,
5601437,4464,SB,6,12/08/2021,
8721720,4464,CA,3,03/05/2020,
4834394,6972,SB,1,19/11/2023,
6025684,6972,SB,4,16/04/2022,
9475471,6613,CA,1,26/01/2024,
4592935,6613,CA,4,08/02/2024,
3292014,7445,CA,6,08/01/2024,
3511644,7445,SB,6,29/11/2023,
2476887,4634,SB,2,23/02/2024,
8818517,4634,SB,1,15/02/2024,
4131193,7710,CA,5,06/03/2024,
8702226,7710,CA,6,10/11/2023,
2707384,2885,SB,6,11/03/2022,
6596293,2885,SB,2,04/03/2020,29/07/2022
7063329,7558,SBP,4,05/11/2023,
2323996,7558,CA,2,09/04/2023,
6105970,3476,SB,1,02/03/2022,
6266937,3476,CA,3,22/01/2021,
3876999,7138,CA,3,05/03/2024,
4155262,7138,SB,4,18/10/2018,
7299332,1426,SB,6,07/07/2019,
9770005,1426,SBP,4,20/11/2022,
4996650,6438,CA,6,27/07/2021,11/09/2021
3270624,6438,CA,6,17/06/2019,
4606391,4841,SB,3,26/02/2024,
3564467,4841,SB,4,18/02/2024,
5206274,5312,CA,2,28/09/2019,
9522812,5312,CA,6,01/04/2020,
1675472,1100,CA,5,03/02/2024,
7289338,1100,SL,5,10/02/2024,
7423802,1125,CA,2,08/05/2023,
9076268,1125,CA,5,03/12/2023,
3411699,7427,CA,1,10/12/2023,
2680955,7427,CA,6,11/12/2022,
2337570,4695,CA,2,23/05/2023,18/12/2023
6423537,4695,SB,4,09/06/2023,
7914515,7938,CA,6,14/05/2023,
9265167,7938,SB,2,20/09/2022,
8126498,4589,CA,3,17/12/2020,
8103654,4589,SB,4,21/07/2023,
2471831,7441,SL,3,02/12/2019,
3337134,7441,SB,6,11/03/2024,
6553341,1460,SB,4,31/03/2023,
2478782,1460,CA,5,23/11/2023,
8783819,5771,CA,2,19/11/2022,
9049884,5771,SB,6,11/07/2023,
7014498,2242,SBP,1,22/09/2023,
3387597,2242,SB,4,10/02/2023,
4287334,5969,SB,4,26/01/2024,
3399313,5969,SB,6,13/02/2023,
8492630,3401,SB,6,05/04/2020,
9671154,3401,CA,3,22/12/2023,
2164173,5451,SB,5,15/10/2022,
3317577,5451,SL,3,03/05/2020,
3801673,4606,CA,3,18/09/2022,
6336863,4606,SB,5,31/08/2023,
3996987,7327,CA,1,07/03/2023,
3951854,7327,SB,3,17/12/2023,
6647849,6093,CA,3,16/07/2022,
5017263,6093,SB,4,22/12/2023,
7039803,4836,SB,5,01/08/2023,
6000039,4836,CA,2,17/05/2023,
2557549,1563,SB,1,03/08/2023,
5438959,1563,SB,1,01/12/2021,
4527899,1867,SL,5,06/04/2019,
5839024,1867,CA,6,13/01/2024,
3334509,7361,CA,6,28/04/2023,
6315053,7361,CA,4,13/10/2023,
2801968,6186,SBP,4,12/12/2019,
9666278,6186,SL,5,17/12/2022,
4063740,2046,SB,4,05/07/2022,
3821450,2046,SB,1,03/12/2022,
4106769,3329,SB,1,03/07/2023,
6898816,3329,SB,2,05/03/2021,
1925625,6878,CA,6,27/06/2022,
1710528,6878,SB,5,19/04/2022,
2597193,4741,CA,3,06/01/2023,
1997222,4741,SB,6,08/01/2022,
5674689,1876,SB,3,18/01/2024,
4771277,1876,SB,2,10/11/2023,
8223666,5389,CA,2,15/05/2022,
1742613,5389,CA,4,28/01/2021,
9590192,4395,CA,2,26/07/2023,
6094383,4395,CA,2,14/07/2022,
6302798,4210,CA,3,04/02/2024,
9336969,4210,SL,4,10/04/2023,
5342869,3361,SB,2,25/03/2024,
8047602,3361,CA,6,30/12/2023,
6224612,1482,CA,2,27/10/2019,
8843707,1482,SB,4,17/06/2023,
2458784,1205,SB,5,18/07/2023,
2239673,1205,SB,4,25/07/2023,
3886649,7102,SL,3,09/02/2024,
8609856,7102,SB,5,19/08/2023,
8207475,2990,SBP,6,14/12/2020,
9358885,2990,SB,1,30/12/2022,
9026546,2750,CA,4,16/02/2023,
4657438,2750,SL,3,12/11/2023,
6941984,3171,CA,6,21/07/2023,
3644860,3171,SB,5,03/02/2024,
6478764,2253,CA,6,19/12/2023,
6591740,2253,SL,4,28/10/2023,
7028856,4365,SL,2,17/10/2023,
7923854,4365,SB,4,15/10/2023,
3428391,4805,SB,1,22/12/2023,
7451132,4805,CA,4,05/08/2020,
9874432,2582,CA,5,08/10/2019,
3015970,2582,CA,5,11/05/2021,
6588376,2222,CA,4,08/10/2021,
5290188,2222,SB,5,24/10/2023,
9060611,6744,CA,2,08/07/2023,
3290076,6744,SBP,6,12/08/2023,
5721930,2317,SB,4,05/04/2023,
8777469,2317,SB,2,13/02/2024,
5393888,7549,CA,6,16/02/2024,
3598034,7549,SB,6,05/03/2024,
2858730,5499,SL,2,24/06/2022,
2083515,5499,SB,3,15/08/2022,
6103449,2516,SB,4,23/02/2023,
7679464,2516,SB,6,29/12/2022,
8249636,4081,CA,6,16/08/2021,
5399784,4081,SB,5,28/05/2023,
3913815,4603,CA,6,05/01/2024,
6727961,4603,CA,2,31/03/2020,
6480985,3786,CA,6,20/12/2023,
4419387,3786,CA,3,28/02/2024,
3907822,4120,CA,4,21/11/2023,
9594008,4120,CA,4,21/05/2023,
9870149,4570,SL,6,20/06/2022,
9066358,4570,SB,1,29/12/2023,
9602299,6323,SBP,1,06/11/2023,
6410950,6323,CA,2,12/03/2023,
9578988,7115,CA,1,03/11/2023,
1623333,7115,SB,2,25/12/2023,
2745273,3219,SB,5,13/02/2024,
7832009,3219,CA,2,24/03/2024,
9714450,3606,SB,1,14/12/2023,
8905557,3606,CA,6,10/12/2023,
5273256,2085,SB,5,29/10/2023,
4844024,2085,SB,1,09/12/2023,
7155097,3910,CA,2,12/05/2023,
2050848,3910,CA,3,12/06/2021,
2082427,7562,SB,4,25/12/2023,
5954876,7562,SB,1,03/08/2022,
9537446,3198,CA,2,17/11/2020,
9129637,3198,SBP,5,13/02/2024,
6028562,1955,CA,1,29/04/2022,
1371694,1955,SB,1,25/02/2024,
3038001,2036,SBP,4,21/05/2023,
8464268,2036,CA,2,23/10/2023,
3481555,4227,CA,3,17/07/2023,
5671618,4227,CA,5,17/12/2022,
7371230,7172,CA,2,18/11/2023,
7999980,7172,CA,5,25/09/2022,
7373910,5197,SB,1,15/01/2024,
1993541,5197,CA,4,04/12/2023,
7955144,5076,SB,4,03/07/2023,
2092783,5076,SBP,6,08/06/2023,
4500274,4495,SB,3,18/04/2023,
7316639,4495,SB,4,13/12/2023,
6076433,1094,CA,1,07/04/2021,
2468158,1094,SB,3,12/01/2022,
7716357,1943,SB,2,29/11/2020,
9694503,1943,CA,4,09/10/2023,
8790192,6719,CA,3,27/07/2020,
5927434,6719,SL,1,11/02/2020,
3227818,1888,SB,6,09/10/2023,
3393113,1888,CA,5,09/02/2023,
2856546,7128,CA,5,17/01/2019,
7843107,7128,CA,1,31/01/2019,
7495729,3753,SB,1,20/05/2022,
6923407,3753,SB,5,28/07/2022,
7368357,2313,SB,6,17/01/2022,
3654904,2313,CA,3,01/10/2022,
4574137,6904,CA,5,18/04/2023,
9776158,6904,SB,1,13/11/2020,
7968657,4439,CA,4,01/11/2019,
9624415,4439,CA,2,21/09/2023,
1909865,1751,SB,6,30/01/2022,
1994564,1751,CA,6,05/11/2023,
1887368,1064,SB,4,28/01/2024,
3533588,1064,CA,4,01/05/2021,
6821995,2943,CA,1,24/06/2023,
9182607,2943,CA,5,14/12/2023,
8901495,7791,SBP,3,23/02/2023,08/03/2024
3733309,7791,SB,6,09/08/2023,
3579635,4343,SL,6,17/02/2023,
6736853,4343,SB,4,16/03/2019,
6578547,2303,CA,5,27/10/2023,
3960831,2303,SB,6,04/03/2024,
7827183,7139,SB,3,26/09/2022,
6254819,7139,SB,4,04/02/2023,
6877910,4609,CA,3,03/03/2022,
9745833,4609,SB,5,14/11/2023,
9786083,5612,CA,6,31/12/2020,
9452763,5612,CA,2,05/11/2022,
6264151,7884,SB,6,29/11/2022,
9201875,7884,SB,5,05/09/2023,
1513621,6170,CA,6,07/10/2023,
7414518,6170,CA,6,19/10/2023,
6791778,2329,SB,1,22/12/2023,
3073359,2329,SB,6,07/09/2021,
8222886,1479,SL,6,07/09/2023,
6396477,1479,SL,3,09/08/2023,
1681565,7972,SB,2,04/08/2021,
9196802,7972,CA,3,20/06/2023,
5689361,6898,SB,3,09/05/2022,
5052041,6898,SB,4,05/09/2022,
2096096,3452,CA,1,27/11/2023,
9295093,3452,SB,3,30/04/2023,
4095217,4966,CA,5,31/03/2022,
7613035,4966,SL,5,03/08/2023,
3713764,1893,SB,6,13/07/2021,
5297884,1893,SB,4,20/04/2021,
1764165,4059,SB,1,09/11/2023,
3078240,4059,SL,1,03/02/2021,
4435329,7741,SB,6,08/03/2023,
1552216,7741,SB,5,09/11/2023,
8633899,6134,CA,2,23/04/2022,
6497386,6134,SB,4,09/02/2023,
8260467,2165,CA,6,17/08/2023,
3775094,2165,SB,4,27/02/2023,
8162820,2863,SB,5,17/12/2023,
4655234,2863,SB,5,13/02/2024,
8119490,6710,CA,2,05/05/2023,
9653634,6710,CA,2,26/02/2024,
9146726,2184,SB,1,18/09/2023,
2279406,2184,CA,4,25/09/2020,
3551139,7850,CA,4,28/06/2020,
4713116,7850,CA,5,11/05/2021,18/04/2023
6687926,6436,SL,1,05/01/2020,
9260233,6436,SB,6,05/11/2022,
7556570,1898,CA,4,27/01/2020,
6498395,1898,CA,1,13/09/2020,
4140018,4561,CA,1,27/02/2022,
8946374,4561,SB,5,25/09/2023,
6977794,3475,SB,1,14/02/2023,
7178449,3475,CA,2,28/11/2020,
5669761,3647,CA,2,25/04/2022,
9357694,3647,CA,3,16/07/2018,
4460157,4784,SB,5,07/06/2023,
5370404,4784,SB,6,05/08/2022,
5915450,6746,CA,3,23/05/2022,
6242484,6746,CA,2,02/10/2020,
5007142,1625,CA,3,02/09/2019,
6227643,1625,SBP,5,07/01/2020,
6083184,6830,CA,5,03/07/2023,
4712044,6830,SB,1,28/08/2021,
9438610,5467,SB,4,21/03/2019,
6553561,5467,CA,1,14/01/2021,
9284265,5015,CA,5,26/05/2021,
7086446,5015,CA,2,06/10/2022,
5822356,6293,SB,6,14/04/2022,
6062804,6293,SB,2,21/08/2021,
3279208,7125,SB,1,03/12/2020,
7604711,7125,SB,6,14/11/2021,
7853656,7754,CA,5,02/02/2022,
7024898,7754,SBP,2,11/01/2019,
3691961,2558,SB,5,16/11/2023,
6107486,2558,CA,6,17/06/2023,
1940258,2266,SBP,6,28/07/2023,
6060136,2266,SB,2,17/03/2024,
2560393,2815,SB,5,19/02/2024,
7045515,2815,SB,3,15/02/2023,
8656339,1308,SB,5,11/11/2023,
5536915,1308,SB,6,23/12/2023,
9272116,5512,CA,5,08/11/2022,
4824602,5512,CA,1,11/10/2021,
4624638,5934,SL,3,15/06/2019,
5783352,5934,CA,4,10/06/2023,
5791552,7182,CA,1,21/01/2024,
3537558,7182,CA,4,13/11/2021,09/08/2022
3067017,5503,SB,2,01/01/2024,
5248986,5503,SB,4,28/07/2023,
5302270,2673,SL,5,15/09/2020,
2086202,2673,CA,4,06/08/2022,
5020641,3728,CA,6,24/05/2020,
5140849,3728,CA,1,05/11/2022,
2115154,2735,SL,1,01/09/2020,
2915542,2735,SB,4,08/02/2022,
8168546,1542,CA,1,02/02/2023,
6775907,1542,SB,6,20/01/2023,
9160122,5636,SB,1,19/10/2023,
2921363,5636,SB,4,04/12/2022,
3540814,3253,SL,3,02/05/2022,
1321430,3253,CA,3,23/11/2020,
3884311,2792,SB,2,02/09/2020,
8061274,2792,SB,1,01/01/2022,
9215415,3157,SB,4,26/03/2022,
9244756,3157,SB,1,25/07/2022,
4580815,7194,SB,5,20/11/2022,
6053672,7194,SB,6,04/09/2022,
6622799,1179,CA,1,19/01/2024,
6022974,1179,SB,1,23/07/2023,
2227083,3059,SBP,3,07/02/2022,
2735401,3059,SL,6,03/08/2022,
5130508,2503,CA,4,03/06/2023,
1860260,2503,CA,1,08/01/2023,
4171599,3774,CA,3,15/02/2024,
8245446,3774,SB,2,14/07/2020,
4183745,6667,SB,6,29/12/2022,
1844181,6667,CA,3,23/08/2023,
7894963,4054,SB,3,28/11/2023,
9545662,4054,SB,3,15/08/2023,
4360290,6508,SB,1,27/11/2023,
6090949,6508,SB,1,08/06/2022,
1863078,7811,SB,2,22/09/2022,
1389977,7811,SB,5,08/10/2022,
6240690,4468,CA,5,26/04/2023,
3034706,4468,SB,5,29/09/2022,
6855573,7854,SB,6,11/11/2023,
6008652,7854,SL,6,06/11/2022,
8857212,1295,SB,2,16/02/2022,
9520975,1295,SB,6,16/08/2020,
3486001,5477,CA,5,16/12/2023,
9693784,5477,SB,5,11/10/2023,
9086585,2267,CA,3,25/07/2021,
5811946,2267,CA,6,02/09/2018,
4469338,3190,SB,1,30/03/2022,
3124399,3190,SBP,1,15/12/2023,
6782458,1021,CA,3,16/09/2023,
3960701,1021,CA,3,07/08/2022,
8933807,6116,SB,3,15/01/2023,
5550688,6116,CA,1,07/11/2023,
4358402,1422,SB,5,07/02/2024,
1470793,1422,SB,3,06/01/2024,
6890303,5954,SB,2,21/09/2021,
6184185,5954,CA,3,29/03/2019,
4475208,1129,CA,4,22/11/2021,
4178816,1129,SB,3,22/09/2020,
8037499,1129,SB,1,28/02/2022,
8410169,2251,CA,6,19/02/2024,
6736196,2251,SB,3,13/07/2023,
2689718,2251,CA,6,20/07/2023,
7959365,1556,SB,4,25/09/2019,
2834796,1556,CA,2,29/03/2024,
4334614,1556,SL,6,27/02/2024,
3593575,3589,CA,5,21/07/2023,
9244850,3589,CA,3,20/08/2023,
6663635,3589,CA,4,02/11/2023,
5396039,7275,CA,4,25/04/2023,
1349090,7275,SL,6,01/02/2023,
5609750,7275,SBP,2,23/11/2023,
7669810,4113,CA,1,30/03/2023,
5185890,4113,SB,3,01/11/2023,
8729478,4113,SB,4,08/12/2022,
5713921,4559,SL,2,22/10/2019,
6764694,4559,SB,5,01/09/2021,
6300310,4559,CA,4,20/04/2023,
1426359,6605,CA,2,19/11/2022,
5622633,6605,SB,1,24/10/2018,
7266783,6605,CA,1,23/09/2019,
5198999,7529,SB,4,07/03/2021,
2276773,7529,CA,4,16/08/2023,
3217983,7529,SB,6,28/11/2022,
9042532,5726,CA,3,27/11/2023,
6381856,5726,SB,2,10/12/2023,
3914103,5726,SB,4,06/12/2023,
8036262,2000,SB,3,19/02/2022,
9665394,2000,CA,6,26/06/2022,
6451844,2000,SB,3,18/03/2024,
3204409,5850,SB,4,12/10/2020,
6184409,5850,SB,1,01/07/2022,
7400863,5850,SB,2,07/10/2019,
4939735,3350,SB,2,18/10/2023,
4910867,3350,SB,1,28/10/2022,
3475412,3350,CA,4,28/11/2022,
9257061,3859,SB,2,02/12/2021,
3804527,3859,SB,4,23/10/2021,
8867775,3859,CA,6,01/03/2022,
7502884,7339,CA,4,24/09/2023,
8211231,7339,CA,3,23/10/2023,
9133684,7339,SB,1,25/06/2023,
4898838,2250,SB,4,21/10/2023,
5386280,2250,SB,6,24/01/2024,
2608055,2250,SB,5,16/11/2023,
8729687,6001,SB,1,10/01/2024,
7304242,6001,CA,2,28/08/2023,
2544846,6001,CA,3,07/02/2024,14/02/2024
3117051,6372,SB,2,03/07/2023,
2270628,6372,CA,6,26/03/2024,
9715165,6372,CA,6,24/06/2023,
4626127,1363,SB,2,19/11/2023,
3748605,1363,SB,1,11/05/2020,
3994975,1363,SBP,2,16/12/2021,
6739400,4024,SL,4,11/01/2022,
8647354,4024,SB,2,22/10/2019,
3184683,4024,CA,3,01/11/2020,
4680565,2754,SB,3,03/01/2024,
9435672,2754,SB,5,21/03/2024,
2760247,2754,CA,3,09/11/2023,
9797177,4574,CA,2,16/11/2023,
8708459,4574,SB,3,18/03/2024,
2167913,4574,CA,1,26/12/2023,
8841831,2590,SB,3,08/01/2021,
3448158,2590,SB,4,05/02/2021,
9845369,2590,CA,1,29/06/2023,
8204167,4716,CA,5,05/06/2023,25/09/2023
8898306,4716,CA,4,23/11/2019,
2203162,4716,CA,2,18/05/2022,
8991920,5910,CA,2,20/08/2019,
6404727,5910,SB,2,30/09/2021,
1599747,5910,CA,4,28/12/2019,22/01/2024
7877417,2840,SB,4,05/09/2021,
5503583,2840,CA,4,08/02/2023,
1285091,2840,SL,1,22/12/2023,
4890277,4997,CA,6,05/09/2023,
2459732,4997,CA,1,25/02/2024,
1994336,4997,SL,2,19/06/2023,
8342962,2565,SB,6,14/06/2020,
7014735,2565,CA,3,31/07/2022,
2304213,2565,SB,2,03/10/2023,
2245421,7732,SB,5,24/10/2023,
2392449,7732,SB,1,10/04/2022,
9154540,7732,CA,4,29/03/2020,
1766922,6410,CA,1,15/11/2019,
6051082,6410,SB,4,01/09/2019,
8094148,6410,SB,6,03/10/2018,
4254085,2939,SB,5,23/03/2022,
3506619,2939,SB,6,25/10/2023,
8287003,2939,SB,5,18/11/2023,
7516911,3493,CA,1,19/08/2023,
7651443,3493,SB,4,01/11/2023,
8759704,3493,CA,6,06/11/2023,
7567837,2589,SB,5,11/01/2020,
7536786,2589,SB,2,05/04/2021,
2580871,2589,SL,2,23/09/2020,
3465698,7546,CA,6,21/11/2023,
7069110,7546,CA,4,14/09/2023,
3224834,7546,CA,6,26/12/2023,
4228790,6114,CA,1,08/12/2023,
7828929,6114,CA,5,10/11/2021,
3371029,6114,SL,1,18/12/2021,
4970621,6392,CA,2,16/07/2022,
1292772,6392,CA,5,23/08/2022,
1615935,6392,SB,6,02/10/2023,
6240200,6946,SB,1,19/11/2022,
9002416,6946,SB,3,20/09/2022,
8350187,6946,CA,4,01/07/2022,
7597703,5560,SB,4,19/12/2022,
5087623,5560,CA,3,18/01/2024,
5387062,5560,CA,2,11/08/2022,
8962509,1667,SL,5,14/02/2024,
7042096,1667,CA,4,16/11/2023,
3837004,1667,SB,3,14/02/2024,
5859135,6511,CA,6,08/11/2022,
4396677,6511,CA,3,19/06/2023,
3127718,6511,SL,2,02/11/2022,
1775016,6075,CA,2,11/12/2020,
8268190,6075,SB,1,03/02/2020,
1496992,6075,SL,4,24/08/2020,
5272210,1740,SB,1,14/11/2023,
4691975,1740,SL,3,21/01/2023,
2363454,1740,CA,5,13/07/2022,
2927265,1886,CA,5,30/12/2023,
1797816,1886,CA,2,12/01/2024,
8724538,1886,SB,5,17/09/2023,
2051153,4727,SBP,5,06/01/2024,
5340457,4727,CA,5,05/12/2023,
1976669,4727,SB,3,26/07/2021,
7983392,6255,CA,5,08/06/2019,
8599073,6255,SB,6,05/07/2021,
5166060,6255,SB,5,04/02/2019,
4879672,3672,SBP,5,29/02/2024,
2181473,3672,SB,1,08/03/2022,
3585584,3672,CA,3,13/07/2022,
9688469,6353,CA,2,23/10/2023,
6087535,6353,CA,1,05/10/2023,
5163078,6353,CA,4,04/08/2023,
6584816,2955,CA,3,24/10/2023,
6614367,2955,SB,6,20/01/2024,
5209090,2955,SB,3,26/01/2022,
6297267,3131,SB,4,07/11/2021,
3638011,3131,CA,4,02/03/2024,
4942981,3131,SB,4,04/03/2024,
8172888,4348,SB,2,09/07/2022,
6276069,4348,CA,5,06/10/2023,
5850816,4348,SB,3,20/05/2022,
2257199,5959,SB,5,24/04/2022,
4172747,5959,CA,5,08/11/2020,
8401736,5959,SB,6,08/12/2019,
9549637,1774,SB,4,30/11/2022,
2021084,1774,CA,2,23/09/2022,
7012821,1774,SL,6,28/03/2024,
7629213,5887,SB,1,04/08/2021,
6581976,5887,SB,2,11/12/2023,
8219268,5887,SB,5,18/10/2022,
8083952,5259,CA,2,26/04/2022,
3737956,5259,SB,4,24/11/2023,
6265794,5259,SB,1,20/07/2022,
7550453,6507,CA,4,02/08/2019,
4319477,6507,SB,1,18/10/2021,
9178827,6507,SB,6,17/06/2023,
5277275,2571,SB,5,01/01/2024,
5015154,2571,CA,1,27/11/2023,
6280019,2571,SB,1,02/06/2023,
3656320,3080,CA,1,19/03/2024,
9002773,3080,CA,2,01/08/2021,
2201269,3080,CA,6,08/08/2022,
8158079,1083,CA,2,26/10/2019,
8222342,1083,SB,5,26/07/2020,
3484203,1083,SB,1,08/07/2019,
7751090,7823,CA,6,26/02/2024,
5308989,7823,SL,6,01/08/2022,
5512617,7823,SL,3,15/03/2024,
4645924,6342,SL,5,19/03/2024,
6775393,6342,CA,6,16/04/2022,
2561081,6342,SB,1,29/05/2023,
8780670,7390,SBP,1,29/01/2021,
7460147,7390,SB,6,15/06/2021,
2785788,7390,CA,2,03/02/2024,
4430251,4040,CA,5,28/12/2023,
2099141,4040,SB,1,06/04/2023,
5738538,4040,SL,6,20/09/2021,
7562328,5747,SB,1,22/02/2024,
1897997,5747,SB,6,26/04/2022,
2455618,5747,CA,5,27/02/2022,
4391356,5848,SB,6,22/04/2023,
4875433,5848,SB,3,02/01/2024,
9277400,5848,CA,6,20/08/2020,
4739077,5715,SB,6,16/02/2024,
6820714,5715,SL,5,13/02/2024,
6321150,5715,CA,6,19/08/2023,
1491756,3005,SB,5,05/11/2023,
4788044,3005,CA,3,03/11/2022,
4422568,3005,SB,5,21/09/2020,
3202739,4921,SB,1,22/05/2019,
9269458,4921,SB,5,10/04/2022,
5304538,4921,SB,3,22/08/2020,
4665661,4344,CA,4,14/07/2023,
7888881,4344,SL,6,10/07/2023,
5249807,4344,SB,5,02/05/2023,
6630304,4011,CA,6,10/03/2020,
5983445,4011,SB,2,17/08/2022,
7620944,4011,SB,1,04/12/2022,
9056884,1050,CA,1,08/04/2022,
7261875,1050,SB,2,21/02/2024,
6408967,1050,SL,2,22/10/2023,
5622775,7681,CA,5,19/05/2022,
7268335,7681,SBP,2,09/03/2023,
9838133,7681,CA,4,18/11/2023,
9577428,3971,CA,6,21/09/2021,
9052750,3971,CA,6,04/11/2020,
2888871,3971,SL,3,12/09/2022,
9111242,4568,SB,2,16/02/2024,
6607122,4568,CA,2,18/02/2024,
4642413,4568,SB,4,03/11/2023,
7453896,1254,SB,1,17/03/2023,
6484460,1254,CA,1,09/01/2023,
8179095,1254,SL,6,19/10/2023,
2001477,1204,SB,6,29/10/2022,
4946863,1204,SB,5,20/06/2023,
3682676,1204,SBP,4,06/04/2023,
1506624,7462,CA,3,23/09/2023,
5609563,7462,SBP,3,13/05/2022,
8240297,7462,SB,4,08/04/2020,
6187004,1458,SB,3,05/08/2021,
3791539,1458,CA,1,27/12/2019,
4526051,1458,SL,3,05/02/2020,
6768721,6673,CA,3,17/09/2019,
5093572,6673,CA,4,30/06/2023,
7607153,6673,CA,4,04/02/2022,
5357165,4724,SB,3,30/06/2020,
9611388,4724,SB,2,01/07/2021,
6897888,4724,SB,4,02/01/2023,
5551726,1474,SL,5,21/08/2022,
9432201,1474,CA,5,09/09/2021,
9465328,1474,SB,1,27/10/2022,
8965927,3225,CA,3,11/09/2023,
4056992,3225,SB,2,03/07/2023,
7143035,3225,SB,1,27/03/2023,
4074307,1962,SB,3,06/07/2022,
3582614,1962,SB,4,03/12/2019,
9427088,1962,CA,5,31/08/2021,
4322309,5974,SB,6,19/08/2022,
2219860,5974,SB,2,13/10/2022,
1801968,5974,SB,6,29/03/2023,
2481557,6756,CA,5,20/02/2023,
2048436,6756,SB,6,29/12/2021,
1341602,6756,SB,4,22/12/2021,
8153293,7799,CA,3,16/12/2023,
3541225,7799,CA,4,19/02/2022,
5117308,7799,SB,6,24/11/2020,
2374812,7697,SB,4,26/02/2024,
3768357,7697,CA,5,30/03/2024,
1387868,7697,CA,2,02/02/2024,
4904007,7659,CA,4,27/11/2022,
9719290,7659,CA,5,06/11/2022,
8885072,7659,SB,2,07/05/2022,
7495768,3281,SB,3,19/09/2022,
2248684,3281,SB,6,27/09/2022,
9341320,3281,SB,3,04/08/2022,
9419338,3875,CA,1,05/06/2023,
1498435,3875,SB,5,18/10/2023,
1345436,3875,SB,2,26/07/2020,
8135615,7506,SBP,4,05/12/2023,
1433326,7506,SB,3,10/06/2022,
1515118,7506,CA,2,20/02/2023,
5843884,6400,SB,5,01/09/2022,
6044335,6400,CA,1,28/06/2023,
1522105,6400,SB,3,07/03/2023,
9660286,7684,CA,6,21/12/2022,
8458319,7684,CA,2,13/12/2022,
4242098,7684,SB,6,07/05/2023,
3029937,5110,CA,2,23/02/2024,
2850378,5110,SB,2,11/04/2023,
3732585,5110,CA,5,14/08/2023,
5277286,2614,SB,5,02/05/2021,
4454585,2614,SB,5,10/02/2024,
5469374,2614,SB,4,28/01/2022,
7181034,1612,CA,2,07/04/2023,
5719464,1612,CA,3,10/03/2020,
7893317,1612,CA,6,29/11/2020,
2560222,4770,CA,5,15/06/2020,
7493266,4770,SB,5,28/11/2022,
8046509,4770,SL,6,19/08/2023,
8935204,2624,SL,6,30/03/2021,
5314851,2624,SB,2,08/11/2020,
5023755,2624,SB,5,05/07/2020,
6267239,7992,SB,6,30/04/2021,
2587027,7992,CA,4,01/03/2021,
1766077,7992,SL,4,24/04/2022,
2803178,4913,SB,5,04/03/2024,
8033941,4913,SB,6,01/11/2023,
7597494,4913,CA,2,19/03/2024,
7562355,6123,SB,2,22/11/2020,
9220540,6123,SB,2,17/12/2022,
2175952,6123,SB,1,05/01/2022,
1393047,6889,SB,5,17/10/2022,
4109839,6889,CA,2,29/10/2023,
2621742,6889,SBP,4,26/10/2023,
9620732,3174,CA,6,03/12/2022,
8514295,3174,CA,3,01/06/2021,
6792298,3174,CA,3,19/07/2023,
2834406,7342,SB,2,25/03/2020,
1948400,7342,SL,3,12/01/2023,
5089342,7342,CA,3,03/09/2018,
4781489,3709,SB,1,20/06/2022,
9212071,3709,CA,4,27/11/2021,
5782720,3709,SL,4,21/02/2022,
2015680,2173,SB,1,26/09/2023,
2481853,2173,SB,1,06/10/2023,
5938378,2173,CA,3,27/02/2023,
1786500,7420,SL,5,27/07/2021,
4243569,7420,SB,6,09/09/2023,
6510677,7420,CA,6,13/01/2021,
1497199,2737,SB,3,15/08/2022,
4710036,2737,CA,6,26/03/2020,
3653632,2737,SL,1,22/09/2019,
7916798,4232,CA,4,08/05/2022,
2525296,4232,SB,6,12/11/2022,
6255533,4232,SB,3,05/06/2022,
3959962,3489,CA,5,20/10/2023,
5268953,3489,CA,3,24/08/2023,
7763464,3489,CA,2,01/12/2023,
6800003,1765,SB,3,01/05/2021,
7674370,1765,CA,1,25/10/2022,
3582481,1765,SB,4,15/09/2021,
2550298,6471,CA,4,06/01/2020,
9636409,6471,CA,6,26/04/2021,
7037059,6471,SB,1,15/03/2022,
2135376,6617,CA,2,08/06/2023,
2873395,6617,SL,1,20/07/2023,
8567624,6617,SB,3,23/01/2020,
5129230,6439,SB,1,29/08/2021,
2509874,6439,SB,1,25/09/2022,
6948698,6439,SL,2,19/10/2023,
7890072,7136,CA,3,11/09/2023,
6710191,7136,CA,5,25/02/2024,
1731536,7136,CA,5,02/01/2024,
5820166,7630,SB,4,10/03/2024,
8793477,7630,CA,6,25/02/2024,
9465460,7630,SB,1,28/09/2023,
5062027,1294,SBP,4,22/10/2022,
7204021,1294,SB,2,04/01/2023,
7533119,1294,SB,5,06/03/2022,
8479706,4850,CA,1,17/07/2022,
4350663,4850,SB,2,31/12/2021,
7611062,4850,SB,6,24/12/2022,
2672208,5892,CA,2,30/03/2023,
6190145,5892,CA,1,17/01/2024,
5369241,5892,SL,6,05/01/2024,
2467737,6533,SB,2,20/11/2020,
2610869,6533,SB,6,16/10/2021,
5730324,6533,SL,1,16/08/2022,
3821898,2300,SB,1,25/01/2024,
7609841,2300,SB,6,21/11/2023,
3822836,2300,CA,3,15/11/2023,
7771272,5983,CA,4,25/11/2021,
6547479,5983,SB,2,04/06/2022,
7286045,5983,SB,2,28/04/2023,
3022127,7947,SB,3,18/11/2022,
2769958,7947,SL,3,22/11/2023,
1321661,7947,SB,3,29/05/2022,
6406369,5795,SB,5,02/06/2023,
8695929,5795,SB,5,16/08/2019,
7272913,5795,SB,6,07/03/2022,
5760429,4027,SB,5,15/07/2019,
2949658,4027,CA,1,11/06/2020,
3457598,4027,SB,6,17/10/2023,
2699104,4808,CA,2,02/02/2024,
4378412,4808,CA,4,29/01/2024,
8465136,4808,SB,1,07/09/2023,
8764847,6369,SB,2,21/11/2022,
9831830,6369,SL,2,24/09/2022,
8080345,6369,SB,6,16/02/2024,
2967467,2034,SB,3,08/05/2023,
1675101,2034,SB,3,25/04/2023,
2738054,2034,SB,1,10/11/2023,
7172196,1559,CA,3,30/11/2022,
2795859,1559,CA,2,28/03/2024,
6677537,1559,CA,3,23/01/2024,
7697719,2221,SB,5,18/06/2023,
1441541,2221,CA,3,30/10/2018,
6130886,2221,CA,2,07/11/2023,
8177080,3940,CA,6,23/12/2023,
7740696,3940,SBP,1,09/06/2023,
2655522,3940,CA,4,10/04/2023,
5307043,5697,SB,3,20/05/2023,
4079629,5697,CA,2,21/08/2023,
7622123,5697,SB,4,09/05/2023,
4078267,5777,CA,4,07/03/2023,
3563849,5777,CA,5,06/04/2022,
5746211,5777,SB,4,05/02/2024,
6286644,4630,CA,6,27/03/2023,
5737618,4630,CA,2,29/12/2020,
9507746,4630,CA,2,30/10/2023,
3682880,3844,CA,3,26/03/2024,
2295946,3844,CA,3,23/02/2023,
4039774,3844,CA,3,22/01/2023,
8527157,3001,SB,6,22/08/2021,
5864371,3001,SB,4,24/06/2023,
8299424,3001,SB,4,04/11/2021,
6263508,4183,CA,5,14/11/2023,
9358553,4183,SL,6,07/03/2024,
2525026,4183,CA,3,03/11/2023,
7293170,2926,CA,1,10/01/2024,
5457320,2926,SB,5,05/02/2024,
5371594,2926,CA,1,16/03/2024,
9552684,2920,CA,4,22/03/2024,
4515254,2920,SB,5,16/02/2024,
8916143,2920,SL,5,08/01/2024,
3029198,5542,SB,2,12/01/2021,
3507637,5542,SB,4,02/01/2020,
6345813,5542,SBP,4,13/12/2023,
1348037,6926,CA,6,26/02/2018,
7873109,6926,CA,5,08/12/2023,
6808179,6926,CA,4,25/05/2019,
7607995,3541,CA,5,18/11/2023,
6763292,3541,CA,6,28/02/2023,
8620215,3541,SL,6,05/09/2023,
6850441,7482,SB,2,26/02/2024,
8459041,7482,SB,5,23/11/2022,
3518289,7482,CA,4,16/03/2023,
6274967,4108,SB,4,20/05/2023,
6614368,4108,SL,5,13/02/2023,
4604228,4108,SB,5,08/09/2021,
9270949,4608,CA,5,06/08/2022,
6505620,4608,SB,3,11/05/2023,
4214758,4608,CA,4,28/12/2023,
7915851,7590,CA,6,18/05/2023,
6588741,7590,CA,4,12/06/2022,
6124188,7590,SB,3,20/06/2022,
9472235,7011,SB,5,22/01/2023,
5301704,7011,CA,2,30/05/2022,
6701963,7011,CA,5,26/05/2021,
7543661,2073,SB,5,07/01/2024,
5937156,2073,CA,3,06/06/2022,
7826857,2073,CA,4,06/05/2021,
7358444,2359,CA,5,30/09/2023,
3145220,2359,SB,4,10/12/2023,
4586588,2359,CA,1,13/12/2023,
4253177,6426,CA,6,08/11/2023,
1686077,6426,CA,4,12/06/2020,
8979235,6426,SL,2,05/08/2022,
4751816,2697,SB,6,17/12/2023,
8590553,2697,SB,2,13/12/2023,
6122226,2697,CA,5,01/10/2023,
2394789,3559,SB,6,13/03/2021,
8098756,3559,CA,4,30/06/2021,
9611417,3559,SB,6,06/01/2023,
3569538,2791,SL,5,09/02/2022,
6315188,2791,SB,3,17/09/2022,
5294941,2791,SL,2,18/10/2019,
5473795,4458,SB,5,18/12/2023,
3820594,4458,CA,3,06/12/2020,
8333409,4458,SL,6,21/07/2021,
7559356,1690,CA,6,06/11/2022,
2475429,1690,SB,5,16/10/2023,
8768589,1690,CA,4,23/07/2023,
9274724,5953,CA,6,04/07/2020,
7958893,5953,CA,4,29/02/2020,
9734049,5953,CA,4,20/10/2020,
8252421,5997,SB,4,17/01/2023,
1851317,5997,SB,1,08/05/2022,
7266403,5997,CA,3,20/02/2019,
2660260,3883,CA,3,04/11/2022,
3069414,3883,SB,6,26/06/2023,
5399124,3883,CA,6,05/03/2024,
7190559,1908,SB,4,09/05/2023,
4025196,1908,SB,1,22/06/2023,
1977675,1908,SB,4,20/07/2023,
7938973,4432,SB,1,11/11/2021,
6797769,4432,CA,4,02/08/2022,
8456345,4432,SB,2,29/08/2021,
3011954,7755,CA,2,10/05/2019,
1411462,7755,CA,5,22/03/2019,
2888843,7755,SB,4,02/05/2020,
5575409,4789,SB,6,09/07/2023,
4959060,4789,SB,3,23/09/2023,
9802225,4789,SB,5,27/04/2023,
4942797,5371,SB,6,02/06/2022,
8713423,5371,SL,2,20/03/2019,
7511184,5371,CA,4,24/01/2023,
7796642,6422,CA,5,16/05/2023,
9003411,6422,SB,4,02/06/2023,
9630922,6422,CA,2,06/01/2024,
3763580,2038,SB,5,22/11/2022,
7022092,2038,SB,2,19/02/2022,
1646592,2038,SB,1,26/10/2020,
9334054,7833,CA,2,10/12/2018,
2988547,7833,CA,4,05/04/2020,
6191030,7833,CA,3,03/11/2023,
8213409,1840,CA,2,22/06/2023,
2674904,1840,SL,6,25/01/2021,
3181820,1840,CA,3,21/02/2022,
3611415,2042,CA,1,28/06/2023,
7078485,2042,CA,5,17/09/2022,
6467151,2042,SB,5,29/05/2021,
6990203,2916,SB,3,11/04/2021,
8873713,2916,CA,5,16/05/2020,
4705157,2916,CA,2,19/07/2023,23/08/2023
9336653,3519,CA,3,05/03/2024,
7078009,3519,CA,4,08/03/2024,
9223181,3519,SB,2,14/10/2023,
2872342,6763,SB,2,30/12/2023,
8585704,6763,CA,2,16/05/2023,
8825304,6763,CA,4,30/01/2024,
6584913,6230,SBP,1,10/07/2018,
2361498,6230,SB,6,25/02/2022,
6272095,6230,SB,5,19/10/2020,
1984157,6771,CA,3,13/02/2024,
3165310,6771,SB,1,14/04/2022,
1613415,6771,CA,3,22/09/2022,
6990392,3970,SB,5,27/02/2022,
3069301,3970,SL,4,09/09/2022,
3991904,3970,CA,2,07/02/2024,
5326680,6484,CA,2,12/02/2022,
4161339,6484,CA,4,09/11/2021,
3921131,6484,CA,1,19/08/2023,
6787584,7254,CA,1,11/06/2021,10/11/2022
8387791,7254,CA,3,02/07/2021,
8986482,7254,SB,4,07/07/2022,
5124390,5293,SB,1,30/09/2023,
8030068,5293,CA,4,11/03/2024,
4329087,5293,SL,5,27/06/2023,
